value_set_name,code_system,logical_definition,code,code_description,concept_id,concept_name,domain_id,vocabulary_id,concept_class_id,standard_concept,concept_code,valid_start_date,valid_end_date,invalid_reason
UnitsOfLengthVS,http://unitsofmeasure.org,NA,pm,Picometer,NA,NA,NA,NA,NA,NA,NA,NA,NA,NA
UnitsOfLengthVS,http://unitsofmeasure.org,NA,nm,Nanometer,NA,NA,NA,NA,NA,NA,NA,NA,NA,NA
UnitsOfLengthVS,http://unitsofmeasure.org,NA,mm,Millimeter,NA,NA,NA,NA,NA,NA,NA,NA,NA,NA
UnitsOfLengthVS,http://unitsofmeasure.org,NA,cm,Centimeter,NA,NA,NA,NA,NA,NA,NA,NA,NA,NA
UnitsOfLengthVS,http://unitsofmeasure.org,NA,m,Meter,NA,NA,NA,NA,NA,NA,NA,NA,NA,NA
UnitsOfLengthVS,http://unitsofmeasure.org,NA,ft-us,Foot,NA,NA,NA,NA,NA,NA,NA,NA,NA,NA
UnitsOfLengthVS,http://unitsofmeasure.org,NA,in-us,"Prostate specific Ag/Prostate volume calculated from height, width and length",NA,NA,NA,NA,NA,NA,NA,NA,NA,NA
NA,NA,NA,NA,NA,8478,avidity index,Unit,UCUM,Unit,S,{ai},1970-01-01,2099-12-31,NA
NA,NA,NA,NA,NA,8479,centipoise,Unit,UCUM,Unit,S,cP,1970-01-01,2099-12-31,NA
NA,NA,NA,NA,NA,8480,Ehrlich unit,Unit,UCUM,Unit,S,[EU],1970-01-01,2099-12-31,NA
NA,NA,NA,NA,NA,8481,EV,Unit,UCUM,Unit,NA,{EV},1970-01-01,2014-01-03,U
NA,NA,NA,NA,NA,8482,pH,Unit,UCUM,Unit,S,pH,1970-01-01,2099-12-31,NA
NA,NA,NA,NA,NA,8483,counts per minute,Unit,UCUM,Unit,S,{counts}/min,1970-01-01,2099-12-31,NA
NA,NA,NA,NA,NA,8484,CD59-deficient cells,Unit,UCUM,Unit,S,{CD59-deficient cells},1970-01-01,2099-12-31,NA
NA,NA,NA,NA,NA,8485,DNR,Unit,UCUM,Unit,NA,{DNR},1970-01-01,2014-01-03,D
NA,NA,NA,NA,NA,8486,EOS,Unit,UCUM,Unit,NA,{EOS},1970-01-01,2014-01-03,U
NA,NA,NA,NA,NA,8487,anti-phosphatidylserine IgG concentration (GPS) unit,Unit,UCUM,Unit,S,[GPS'U],1970-01-01,2099-12-31,NA
NA,NA,NA,NA,NA,8488,immune status ratio,Unit,UCUM,Unit,S,{ISR},1970-01-01,2099-12-31,NA
NA,NA,NA,NA,NA,8489,LIV,Unit,UCUM,Unit,NA,{LIV},1970-01-01,2014-01-03,D
NA,NA,NA,NA,NA,8490,LPU,Unit,UCUM,Unit,NA,{LPU},1970-01-01,2014-01-03,D
NA,NA,NA,NA,NA,8491,LUS,Unit,UCUM,Unit,NA,{LUS},1970-01-01,2014-01-03,D
NA,NA,NA,NA,NA,8492,Log,Unit,UCUM,Unit,NA,{log},1970-01-01,2014-01-03,D
NA,NA,NA,NA,NA,8493,MLS,Unit,UCUM,Unit,NA,{MLS},1970-01-01,2014-01-03,D
NA,NA,NA,NA,NA,8494,multiple of the median,Unit,UCUM,Unit,S,{MOM},1970-01-01,2099-12-31,NA
NA,NA,NA,NA,NA,8495,anti-phosphatidylserine IgM concentration (MPS) unit,Unit,UCUM,Unit,S,[MPS'U],1970-01-01,2099-12-31,NA
NA,NA,NA,NA,NA,8496,femtoliter platelet mean volume,Unit,UCUM,Unit,S,fL{mpv},1970-01-01,2099-12-31,NA
NA,NA,NA,NA,NA,8497,N/A,Unit,UCUM,Unit,NA,{n/a},1970-01-01,2016-03-11,D
NA,NA,NA,NA,NA,8498,RES,Unit,UCUM,Unit,NA,{res},1970-01-01,2014-01-03,D
NA,NA,NA,NA,NA,8499,REV,Unit,UCUM,Unit,NA,{rev},1970-01-01,2014-01-03,D
NA,NA,NA,NA,NA,8500,SAU,Unit,UCUM,Unit,NA,{sau},1970-01-01,2014-01-03,U
NA,NA,NA,NA,NA,8501,SGU,Unit,UCUM,Unit,NA,{sgu},1970-01-01,2014-01-03,U
NA,NA,NA,NA,NA,8502,SMU,Unit,UCUM,Unit,NA,{smu},1970-01-01,2014-01-03,U
NA,NA,NA,NA,NA,8503,DILS,Unit,UCUM,Unit,NA,{DILS},1970-01-01,2014-01-03,D
NA,NA,NA,NA,NA,8504,gram,Unit,UCUM,Unit,S,g,1970-01-01,2099-12-31,NA
NA,NA,NA,NA,NA,8505,hour,Unit,UCUM,Unit,S,h,1970-01-01,2099-12-31,NA
NA,NA,NA,NA,NA,8506,lytic unit 30 (number of cells to achieve 30% lysis of the target cells),Unit,UCUM,Unit,S,{LU30},1970-01-01,2099-12-31,NA
NA,NA,NA,NA,NA,8508,Note,Unit,UCUM,Unit,NA,{note},1970-01-01,2016-03-11,D
NA,NA,NA,NA,NA,8509,risk,Unit,UCUM,Unit,S,{risk},1970-01-01,2099-12-31,NA
NA,NA,NA,NA,NA,8510,unit,Unit,UCUM,Unit,S,[U],1970-01-01,2099-12-31,NA
NA,NA,NA,NA,NA,8511,week,Unit,UCUM,Unit,S,wk,1970-01-01,2099-12-31,NA
NA,NA,NA,NA,NA,8512,day,Unit,UCUM,Unit,S,d,1970-01-01,2099-12-31,NA
NA,NA,NA,NA,NA,8513,dose,Unit,UCUM,Unit,NA,{dose},1970-01-01,2014-01-03,D
NA,NA,NA,NA,NA,8514,% REF,Unit,UCUM,Unit,NA,%{REF},1970-01-01,2014-01-03,D
NA,NA,NA,NA,NA,8517,Farad,Unit,UCUM,Unit,S,F,1970-01-01,2099-12-31,NA
NA,NA,NA,NA,NA,8518,Henry,Unit,UCUM,Unit,S,H,1970-01-01,2099-12-31,NA
NA,NA,NA,NA,NA,8519,liter,Unit,UCUM,Unit,S,L,1970-01-01,2099-12-31,NA
NA,NA,NA,NA,NA,8520,Molar,Unit,UCUM,Unit,NA,{molar},1970-01-01,2014-01-03,U
NA,NA,NA,NA,NA,8523,ratio,Unit,UCUM,Unit,S,{ratio},1970-01-01,2099-12-31,NA
NA,NA,NA,NA,NA,8524,times,Unit,UCUM,Unit,S,.,1970-01-01,2099-12-31,NA
NA,NA,NA,NA,NA,8525,titer,Unit,UCUM,Unit,S,{titer},1970-01-01,2099-12-31,NA
NA,NA,NA,NA,NA,8526,Total,Unit,UCUM,Unit,NA,{tot},1970-01-01,2014-01-03,U
NA,NA,NA,NA,NA,8528,year,Unit,UCUM,Unit,NA,y,1970-01-01,2016-03-11,D
NA,NA,NA,NA,NA,8529,index,Unit,UCUM,Unit,NA,{index},1970-01-01,2014-01-03,U
NA,NA,NA,NA,NA,8530,{ref},Unit,UCUM,Unit,NA,{ref},1970-01-01,2014-01-03,D
NA,NA,NA,NA,NA,8531,DNRTNP,Unit,UCUM,Unit,NA,{DNRTNP},1970-01-01,2014-01-03,D
NA,NA,NA,NA,NA,8533,Inches,Unit,UCUM,Unit,NA,in,1970-01-01,2014-01-03,U
NA,NA,NA,NA,NA,8534,Motile,Unit,UCUM,Unit,NA,{motile},1970-01-01,2014-01-03,U
NA,NA,NA,NA,NA,8535,Normal,Unit,UCUM,Unit,NA,{normal},1970-01-01,2014-01-03,U
NA,NA,NA,NA,NA,8538,Uptake,Unit,UCUM,Unit,NA,{uptake},1970-01-01,2014-01-03,U
NA,NA,NA,NA,NA,8539,Volume,Unit,UCUM,Unit,NA,{vol},1970-01-01,2014-01-03,D
NA,NA,NA,NA,NA,8540,bushel,Unit,UCUM,Unit,NA,bu,1970-01-01,2014-01-03,U
NA,NA,NA,NA,NA,8541,per minute,Unit,UCUM,Unit,S,/min,1970-01-01,2099-12-31,NA
NA,NA,NA,NA,NA,8542,anti-phosphatidylserine IgA concentration (APS) unit,Unit,UCUM,Unit,S,[APS'U],1970-01-01,2099-12-31,NA
NA,NA,NA,NA,NA,8543,ampere,Unit,UCUM,Unit,S,A,1970-01-01,2099-12-31,NA
NA,NA,NA,NA,NA,8545,GPS IgG,Unit,UCUM,Unit,NA,[{GPS'IgG}],1970-01-01,2014-01-03,U
NA,NA,NA,NA,NA,8547,M (anti-prothrombin IgG concentration) unit,Unit,UCUM,Unit,S,[M'U],1970-01-01,2099-12-31,NA
NA,NA,NA,NA,NA,8548,MPS IgM,Unit,UCUM,Unit,NA,[{MPS'IgM}],1970-01-01,2014-01-03,U
NA,NA,NA,NA,NA,8549,million,Unit,UCUM,Unit,S,10*6,1970-01-01,2099-12-31,NA
NA,NA,NA,NA,NA,8550,minute,Unit,UCUM,Unit,S,min,1970-01-01,2099-12-31,NA
NA,NA,NA,NA,NA,8553,percent of sperm with positive binding,Unit,UCUM,Unit,S,%{sperm'binding},1970-01-01,2099-12-31,NA
NA,NA,NA,NA,NA,8554,percent,Unit,UCUM,Unit,S,%,1970-01-01,2099-12-31,NA
NA,NA,NA,NA,NA,8555,second,Unit,UCUM,Unit,S,s,1970-01-01,2099-12-31,NA
NA,NA,NA,NA,NA,8556,EIA unit,Unit,UCUM,Unit,S,[EIA'U],1970-01-01,2099-12-31,NA
NA,NA,NA,NA,NA,8560,Juvenile Diabetes Foundation unit,Unit,UCUM,Unit,S,[JDF'U],1970-01-01,2099-12-31,NA
NA,NA,NA,NA,NA,8561,Of Total,Unit,UCUM,Unit,NA,[{of'tot}],1970-01-01,2014-01-03,U
NA,NA,NA,NA,NA,8564,picogram,Unit,UCUM,Unit,S,pg,1970-01-01,2099-12-31,NA
NA,NA,NA,NA,NA,8565,streptozyme (STZ) agglutination titer unit,Unit,UCUM,Unit,S,[STZ'unit],1970-01-01,2099-12-31,NA
NA,NA,NA,NA,NA,8566,thousand,Unit,UCUM,Unit,S,10*3,1970-01-01,2099-12-31,NA
NA,NA,NA,NA,NA,8567,activity,Unit,UCUM,Unit,NA,{activity},1970-01-01,2014-01-03,U
NA,NA,NA,NA,NA,8568,baseline,Unit,UCUM,Unit,S,{baseline},1970-01-01,2099-12-31,NA
NA,NA,NA,NA,NA,8569,pH unit,Unit,UCUM,Unit,NA,[{pH'U}],1970-01-01,2014-01-03,U
NA,NA,NA,NA,NA,8573,EIA value,Unit,UCUM,Unit,NA,[{EIA'value}],1970-01-01,2014-01-03,U
NA,NA,NA,NA,NA,8574,G (anti-prothrombin IgG concentration) unit,Unit,UCUM,Unit,S,[G'U],1970-01-01,2099-12-31,NA
NA,NA,NA,NA,NA,8576,milligram,Unit,UCUM,Unit,S,mg,1970-01-01,2099-12-31,NA
NA,NA,NA,NA,NA,8577,nanometer,Unit,UCUM,Unit,S,nm,1970-01-01,2099-12-31,NA
NA,NA,NA,NA,NA,8578,of normal,Unit,UCUM,Unit,S,[of'normal],1970-01-01,2099-12-31,NA
NA,NA,NA,NA,NA,8579,See below,Unit,UCUM,Unit,NA,[{see'below}],1970-01-01,2014-01-03,D
NA,NA,NA,NA,NA,8580,See table,Unit,UCUM,Unit,NA,[{see'table)],1970-01-01,2014-01-03,D
NA,NA,NA,NA,NA,8581,heartbeat,Unit,UCUM,Unit,S,{hb},1970-01-01,2099-12-31,NA
NA,NA,NA,NA,NA,8582,centimeter,Unit,UCUM,Unit,S,cm,1970-01-01,2099-12-31,NA
NA,NA,NA,NA,NA,8583,femtoliter,Unit,UCUM,Unit,S,fL,1970-01-01,2099-12-31,NA
NA,NA,NA,NA,NA,8586,lymphocytes per 100 cells,Unit,UCUM,Unit,S,{lymphos}/100.{cells},1970-01-01,2099-12-31,NA
NA,NA,NA,NA,NA,8587,milliliter,Unit,UCUM,Unit,S,mL,1970-01-01,2099-12-31,NA
NA,NA,NA,NA,NA,8588,millimeter,Unit,UCUM,Unit,S,mm,1970-01-01,2099-12-31,NA
NA,NA,NA,NA,NA,8589,O.D. ratio,Unit,UCUM,Unit,S,[OD'ratio],1970-01-01,2099-12-31,NA
NA,NA,NA,NA,NA,8590,O.D. unit,Unit,UCUM,Unit,S,[OD'U],1970-01-01,2099-12-31,NA
NA,NA,NA,NA,NA,8591,Of Total H,Unit,UCUM,Unit,NA,[{of'total'H}],1970-01-01,2014-01-03,U
NA,NA,NA,NA,NA,8593,See report,Unit,UCUM,Unit,NA,[{see'report}],1970-01-01,2014-01-03,D
NA,NA,NA,NA,NA,8596,calculated,Unit,UCUM,Unit,S,{calc},1970-01-01,2099-12-31,NA
NA,NA,NA,NA,NA,8597,inhibition,Unit,UCUM,Unit,NA,{inhibition},1970-01-01,2014-01-03,U
NA,NA,NA,NA,NA,8598,relative,Unit,UCUM,Unit,S,{relative},1970-01-01,2099-12-31,NA
NA,NA,NA,NA,NA,8600,Elisa unit,Unit,UCUM,Unit,S,[ELU],1970-01-01,2099-12-31,NA
NA,NA,NA,NA,NA,8604,percent mean normal,Unit,UCUM,Unit,S,%{mean'normal},1970-01-01,2099-12-31,NA
NA,NA,NA,NA,NA,8605,milliosmole,Unit,UCUM,Unit,S,mosm,1970-01-01,2099-12-31,NA
NA,NA,NA,NA,NA,8606,ratio unit,Unit,UCUM,Unit,S,[ratio'U],1970-01-01,2099-12-31,NA
NA,NA,NA,NA,NA,8607,Result unit,Unit,UCUM,Unit,NA,[{res'U}],1970-01-01,2014-01-03,D
NA,NA,NA,NA,NA,8608,index value,Unit,UCUM,Unit,NA,[{index'value}],1970-01-01,2014-01-03,U
NA,NA,NA,NA,NA,8609,beta-2 GPI IgA Ab unit,Unit,UCUM,Unit,S,[GPI'IgA'U],1970-01-01,2099-12-31,NA
NA,NA,NA,NA,NA,8610,beta-2 GPI IgG Ab unit,Unit,UCUM,Unit,S,[GPI'IgG'U],1970-01-01,2099-12-31,NA
NA,NA,NA,NA,NA,8611,beta-2 GPI IgM Ab unit,Unit,UCUM,Unit,S,[GPI'IgM'U],1970-01-01,2099-12-31,NA
NA,NA,NA,NA,NA,8612,IM per liter,Unit,UCUM,Unit,NA,{IM}/L,1970-01-01,2014-01-03,D
NA,NA,NA,NA,NA,8613,normal forms,Unit,UCUM,Unit,S,%{normal'forms},1970-01-01,2099-12-31,NA
NA,NA,NA,NA,NA,8616,Panbio bacterial IgG and IgM unit,Unit,UCUM,Unit,S,[PANBIO'U],1970-01-01,2099-12-31,NA
NA,NA,NA,NA,NA,8617,square meter,Unit,UCUM,Unit,S,m2,1970-01-01,2099-12-31,NA
NA,NA,NA,NA,NA,8621,day per week,Unit,UCUM,Unit,S,d/wk,1970-01-01,2099-12-31,NA
NA,NA,NA,NA,NA,8622,gram per time,Unit,UCUM,Unit,S,g/{time},1970-01-01,2099-12-31,NA
NA,NA,NA,NA,NA,8623,log reduction,Unit,UCUM,Unit,S,lg({reduction}),1970-01-01,2099-12-31,NA
NA,NA,NA,NA,NA,8624,MEG per liter,Unit,UCUM,Unit,NA,{MEG}/L,1970-01-01,2014-01-03,D
NA,NA,NA,NA,NA,8626,Of Inhibition,Unit,UCUM,Unit,NA,[{of'inhibition}],1970-01-01,2014-01-03,U
NA,NA,NA,NA,NA,8628,times average,Unit,UCUM,Unit,S,{times'avg},1970-01-01,2099-12-31,NA
NA,NA,NA,NA,NA,8629,unit per gram,Unit,UCUM,Unit,S,[U]/g,1970-01-01,2099-12-31,NA
NA,NA,NA,NA,NA,8630,unit per hour,Unit,UCUM,Unit,S,[U]/h,1970-01-01,2099-12-31,NA
NA,NA,NA,NA,NA,8631,sperm motility at 60 minutes,Unit,UCUM,Unit,S,%{sperm'motility'at'60'min},1970-01-01,2099-12-31,NA
NA,NA,NA,NA,NA,8632,percent total,Unit,UCUM,Unit,S,%{tot},1970-01-01,2099-12-31,NA
NA,NA,NA,NA,NA,8636,gram per liter,Unit,UCUM,Unit,S,g/L,1970-01-01,2099-12-31,NA
NA,NA,NA,NA,NA,8637,negative count,Unit,UCUM,Unit,S,[neg'count],1970-01-01,2099-12-31,NA
NA,NA,NA,NA,NA,8641,poise per gram,Unit,UCUM,Unit,S,p/g,1970-01-01,2099-12-31,NA
NA,NA,NA,NA,NA,8644,Seconds per CO,Unit,UCUM,Unit,NA,s/{CO},1970-01-01,2014-01-03,U
NA,NA,NA,NA,NA,8645,unit per liter,Unit,UCUM,Unit,S,[U]/L,1970-01-01,2099-12-31,NA
NA,NA,NA,NA,NA,8646,Volume percent,Unit,UCUM,Unit,NA,[{vol}'%],1970-01-01,2014-01-03,U
NA,NA,NA,NA,NA,8647,per microliter,Unit,UCUM,Unit,S,/uL,1970-01-01,2099-12-31,NA
NA,NA,NA,NA,NA,8648,percent of normal,Unit,UCUM,Unit,S,%{of'normal},1970-01-01,2099-12-31,NA
NA,NA,NA,NA,NA,8649,percent uptake,Unit,UCUM,Unit,S,%{uptake},1970-01-01,2099-12-31,NA
NA,NA,NA,NA,NA,8653,degree Celsius,Unit,UCUM,Unit,NA,[degC],1970-01-01,2018-05-04,U
NA,NA,NA,NA,NA,8654,Enzyme activity,Unit,UCUM,Unit,NA,[{enzyme'activity}],1970-01-01,2014-01-03,D
NA,NA,NA,NA,NA,8655,Farad per liter,Unit,UCUM,Unit,S,F/L,1970-01-01,2099-12-31,NA
NA,NA,NA,NA,NA,8656,Low Power Field,Unit,UCUM,Unit,NA,[LPF],1970-01-01,2014-01-03,U
NA,NA,NA,NA,NA,8659,percent CD19+ cells,Unit,UCUM,Unit,S,%{CD19+'cells},1970-01-01,2099-12-31,NA
NA,NA,NA,NA,NA,8660,percent in gate,Unit,UCUM,Unit,S,%{in'gate},1970-01-01,2099-12-31,NA
NA,NA,NA,NA,NA,8662,unit per 10,Unit,UCUM,Unit,S,[U]/10,1970-01-01,2099-12-31,NA
NA,NA,NA,NA,NA,8664,astronomic unit,Unit,UCUM,Unit,NA,AU,1970-01-01,2014-01-03,U
NA,NA,NA,NA,NA,8665,nanomole of bone collagen equivalent,Unit,UCUM,Unit,S,nmol{BColl}eq,1970-01-01,2099-12-31,NA
NA,NA,NA,NA,NA,8670,EU per deciliter,Unit,UCUM,Unit,NA,{EU}/dL,1970-01-01,2014-01-03,U
NA,NA,NA,NA,NA,8673,High Power Field,Unit,UCUM,Unit,NA,[HPF],1970-01-01,2014-01-03,U
NA,NA,NA,NA,NA,8675,milliliter per specimen,Unit,UCUM,Unit,S,mL/{spec},1970-01-01,2099-12-31,NA
NA,NA,NA,NA,NA,8683,Total creatinine,Unit,UCUM,Unit,NA,[{tot'creat}],1970-01-01,2014-01-03,D
NA,NA,NA,NA,NA,8684,Total hemoglobin,Unit,UCUM,Unit,NA,[{tot'HGB}],1970-01-01,2014-01-03,U
NA,NA,NA,NA,NA,8686,cubic millimeter,Unit,UCUM,Unit,S,mm3,1970-01-01,2099-12-31,NA
NA,NA,NA,NA,NA,8687,percent activity,Unit,UCUM,Unit,S,%{activity},1970-01-01,2099-12-31,NA
NA,NA,NA,NA,NA,8688,percent baseline,Unit,UCUM,Unit,S,%{baseline},1970-01-01,2099-12-31,NA
NA,NA,NA,NA,NA,8695,Ehrlich unit per milliliter,Unit,UCUM,Unit,S,[EU]/mL,1970-01-01,2099-12-31,NA
NA,NA,NA,NA,NA,8698,liter per minute,Unit,UCUM,Unit,S,L/min,1970-01-01,2099-12-31,NA
NA,NA,NA,NA,NA,8700,Milligram per day,Unit,UCUM,Unit,NA,mg/d,1970-01-01,2014-01-03,U
NA,NA,NA,NA,NA,8701,nanogram per gram,Unit,UCUM,Unit,S,ng/g,1970-01-01,2099-12-31,NA
NA,NA,NA,NA,NA,8703,parts per billion,Unit,UCUM,Unit,S,[ppb],1970-01-01,2099-12-31,NA
NA,NA,NA,NA,NA,8704,picogram per cell,Unit,UCUM,Unit,S,pg/{cell},1970-01-01,2099-12-31,NA
NA,NA,NA,NA,NA,8712,erythrocytes per microliter,Unit,UCUM,Unit,S,{ery}/uL,1970-01-01,2099-12-31,NA
NA,NA,NA,NA,NA,8713,gram per deciliter,Unit,UCUM,Unit,S,g/dL,1970-01-01,2099-12-31,NA
NA,NA,NA,NA,NA,8718,international unit,Unit,UCUM,Unit,S,[iU],1970-01-01,2099-12-31,NA
NA,NA,NA,NA,NA,8719,milliunit per milliliter,Unit,UCUM,Unit,S,10*-3.[U]/mL,1970-01-01,2099-12-31,NA
NA,NA,NA,NA,NA,8720,microgram per gram,Unit,UCUM,Unit,S,ug/g,1970-01-01,2099-12-31,NA
NA,NA,NA,NA,NA,8721,Microgram per SPEC,Unit,UCUM,Unit,NA,ug/{SPEC},1970-01-01,2014-01-03,U
NA,NA,NA,NA,NA,8722,microgram per time,Unit,UCUM,Unit,S,ug/{time},1970-01-01,2099-12-31,NA
NA,NA,NA,NA,NA,8723,milligram per gram,Unit,UCUM,Unit,S,mg/g,1970-01-01,2099-12-31,NA
NA,NA,NA,NA,NA,8724,milligram per time,Unit,UCUM,Unit,S,mg/{time},1970-01-01,2099-12-31,NA
NA,NA,NA,NA,NA,8725,nanogram per liter,Unit,UCUM,Unit,S,ng/L,1970-01-01,2099-12-31,NA
NA,NA,NA,NA,NA,8728,percent saturation,Unit,UCUM,Unit,S,%{sat},1970-01-01,2099-12-31,NA
NA,NA,NA,NA,NA,8729,picomole per liter,Unit,UCUM,Unit,S,pmol/L,1970-01-01,2099-12-31,NA
NA,NA,NA,NA,NA,8734,trillion per liter,Unit,UCUM,Unit,S,10*12/L,1970-01-01,2099-12-31,NA
NA,NA,NA,NA,NA,8736,nanomole per liter,Unit,UCUM,Unit,S,nmol/L,1970-01-01,2099-12-31,NA
NA,NA,NA,NA,NA,8737,percent hemoglobin,Unit,UCUM,Unit,S,%{of'HGB},1970-01-01,2099-12-31,NA
NA,NA,NA,NA,NA,8738,percent inhibition,Unit,UCUM,Unit,S,%{inhibition},1970-01-01,2099-12-31,NA
NA,NA,NA,NA,NA,8739,pound (US),Unit,UCUM,Unit,S,[lb_us],1970-01-01,2099-12-31,NA
NA,NA,NA,NA,NA,8745,femtomole per liter,Unit,UCUM,Unit,S,fmol/L,1970-01-01,2099-12-31,NA
NA,NA,NA,NA,NA,8748,microgram per liter,Unit,UCUM,Unit,S,ug/L,1970-01-01,2099-12-31,NA
NA,NA,NA,NA,NA,8749,micromole per liter,Unit,UCUM,Unit,S,umol/L,1970-01-01,2099-12-31,NA
NA,NA,NA,NA,NA,8750,microunit per liter,Unit,UCUM,Unit,S,10*-6.[U]/L,1970-01-01,2099-12-31,NA
NA,NA,NA,NA,NA,8751,milligram per liter,Unit,UCUM,Unit,S,mg/L,1970-01-01,2099-12-31,NA
NA,NA,NA,NA,NA,8752,millimeter per hour,Unit,UCUM,Unit,S,mm/h,1970-01-01,2099-12-31,NA
NA,NA,NA,NA,NA,8753,millimole per liter,Unit,UCUM,Unit,S,mmol/L,1970-01-01,2099-12-31,NA
NA,NA,NA,NA,NA,8754,NMIL per milliliter,Unit,UCUM,Unit,NA,{NMIL}/mL,1970-01-01,2014-01-03,D
NA,NA,NA,NA,NA,8755,Nanometer per Liter,Unit,UCUM,Unit,NA,nm/L,1970-01-01,2014-01-03,U
NA,NA,NA,NA,NA,8758,Of Total Hemoglobin,Unit,UCUM,Unit,NA,[{of'tot'HGB}],1970-01-01,2014-01-03,U
NA,NA,NA,NA,NA,8763,unit per milliliter,Unit,UCUM,Unit,S,[U]/mL,1970-01-01,2099-12-31,NA
NA,NA,NA,NA,NA,8765,per low powered field,Unit,UCUM,Unit,S,/[LPF],1970-01-01,2099-12-31,NA
NA,NA,NA,NA,NA,8773,Meter per microliter,Unit,UCUM,Unit,NA,m/uL,1970-01-01,2014-01-03,D
NA,NA,NA,NA,NA,8774,microgram per minute,Unit,UCUM,Unit,S,ug/min,1970-01-01,2099-12-31,NA
NA,NA,NA,NA,NA,8775,micrometer per liter,Unit,UCUM,Unit,S,um/L,1970-01-01,2099-12-31,NA
NA,NA,NA,NA,NA,8776,milligram per sample,Unit,UCUM,Unit,S,mg/{sample},1970-01-01,2099-12-31,NA
NA,NA,NA,NA,NA,8779,signal to cutoff ratio,Unit,UCUM,Unit,S,{signal}/[{CO'ratio}],1970-01-01,2099-12-31,NA
NA,NA,NA,NA,NA,8783,unit per 10 cells,Unit,UCUM,Unit,S,[U]/10.{cells},1970-01-01,2099-12-31,NA
NA,NA,NA,NA,NA,8784,cells per microliter,Unit,UCUM,Unit,S,{cells}/uL,1970-01-01,2099-12-31,NA
NA,NA,NA,NA,NA,8785,per cubic millimeter,Unit,UCUM,Unit,S,/mm3,1970-01-01,2099-12-31,NA
NA,NA,NA,NA,NA,8786,per high power field,Unit,UCUM,Unit,S,/[HPF],1970-01-01,2099-12-31,NA
NA,NA,NA,NA,NA,8791,gram per 5 hours,Unit,UCUM,Unit,S,g/(5.h),1970-01-01,2099-12-31,NA
NA,NA,NA,NA,NA,8792,Kelvin per microliter,Unit,UCUM,Unit,NA,K/uL,1970-01-01,2014-01-03,U
NA,NA,NA,NA,NA,8794,Milligram C per Liter,Unit,UCUM,Unit,NA,mg.{c}/L,1970-01-01,2014-01-03,D
NA,NA,NA,NA,NA,8795,milliliter per minute,Unit,UCUM,Unit,S,mL/min,1970-01-01,2099-12-31,NA
NA,NA,NA,NA,NA,8798,bushel per milliliter,Unit,UCUM,Unit,S,[bu_us]/mL,1970-01-01,2099-12-31,NA
NA,NA,NA,NA,NA,8799,copies per milliliter,Unit,UCUM,Unit,S,{copies}/mL,1970-01-01,2099-12-31,NA
NA,NA,NA,NA,NA,8800,percent at 60 minutes,Unit,UCUM,Unit,S,%{at'60'min},1970-01-01,2099-12-31,NA
NA,NA,NA,NA,NA,8807,gram per 24 hours,Unit,UCUM,Unit,S,g/(24.h),1970-01-01,2099-12-31,NA
NA,NA,NA,NA,NA,8810,kilounit per liter,Unit,UCUM,Unit,S,10*3.[U]/L,1970-01-01,2099-12-31,NA
NA,NA,NA,NA,NA,8815,million per microliter,Unit,UCUM,Unit,S,10*6/uL,1970-01-01,2099-12-31,NA
NA,NA,NA,NA,NA,8816,million per milliliter,Unit,UCUM,Unit,S,10*6/mL,1970-01-01,2099-12-31,NA
NA,NA,NA,NA,NA,8817,nanogram per deciliter,Unit,UCUM,Unit,S,ng/dL,1970-01-01,2099-12-31,NA
NA,NA,NA,NA,NA,8818,nanogram per milligram,Unit,UCUM,Unit,S,ng/mg,1970-01-01,2099-12-31,NA
NA,NA,NA,NA,NA,8820,picogram per deciliter,Unit,UCUM,Unit,S,pg/dL,1970-01-01,2099-12-31,NA
NA,NA,NA,NA,NA,8823,anti-phosphatidylserine IgA concentration (APS) unit per milliter,Unit,UCUM,Unit,S,[APS'U]/mL,1970-01-01,2099-12-31,NA
NA,NA,NA,NA,NA,8829,Ehrlich unit per deciliter,Unit,UCUM,Unit,S,[EU]/dL,1970-01-01,2099-12-31,NA
NA,NA,NA,NA,NA,8831,anti-phosphatidylserine IgG concentration (GPS) unit per milliliter,Unit,UCUM,Unit,S,[GPS'U]/mL,1970-01-01,2099-12-31,NA
NA,NA,NA,NA,NA,8836,anti-phosphatidylserine IgM concentration (MPS) unit per milliliter,Unit,UCUM,Unit,S,[MPS'U]/mL,1970-01-01,2099-12-31,NA
NA,NA,NA,NA,NA,8837,microgram per deciliter,Unit,UCUM,Unit,S,ug/dL,1970-01-01,2099-12-31,NA
NA,NA,NA,NA,NA,8838,microgram per milligram,Unit,UCUM,Unit,S,ug/mg,1970-01-01,2099-12-31,NA
NA,NA,NA,NA,NA,8839,micromole per deciliter,Unit,UCUM,Unit,S,umol/dL,1970-01-01,2099-12-31,NA
NA,NA,NA,NA,NA,8840,milligram per deciliter,Unit,UCUM,Unit,S,mg/dL,1970-01-01,2099-12-31,NA
NA,NA,NA,NA,NA,8842,nanogram per milliliter,Unit,UCUM,Unit,S,ng/mL,1970-01-01,2099-12-31,NA
NA,NA,NA,NA,NA,8843,nanomole per milliliter,Unit,UCUM,Unit,S,nmol/mL,1970-01-01,2099-12-31,NA
NA,NA,NA,NA,NA,8845,picogram per milliliter,Unit,UCUM,Unit,S,pg/mL,1970-01-01,2099-12-31,NA
NA,NA,NA,NA,NA,8848,thousand per microliter,Unit,UCUM,Unit,S,10*3/uL,1970-01-01,2099-12-31,NA
NA,NA,NA,NA,NA,8849,percent enzyme activity,Unit,UCUM,Unit,S,%(enzyme'activity},1970-01-01,2099-12-31,NA
NA,NA,NA,NA,NA,8857,liter per 24 hours,Unit,UCUM,Unit,S,L/(24.h),1970-01-01,2099-12-31,NA
NA,NA,NA,NA,NA,8859,microgram per milliliter,Unit,UCUM,Unit,S,ug/mL,1970-01-01,2099-12-31,NA
NA,NA,NA,NA,NA,8860,microunit per milliliter,Unit,UCUM,Unit,S,10*-6.[U]/mL,1970-01-01,2099-12-31,NA
NA,NA,NA,NA,NA,8861,milligram per milliliter,Unit,UCUM,Unit,S,mg/mL,1970-01-01,2099-12-31,NA
NA,NA,NA,NA,NA,8862,milliosmole per kilogram,Unit,UCUM,Unit,S,mosm/kg,1970-01-01,2099-12-31,NA
NA,NA,NA,NA,NA,8873,log copies per milliliter,Unit,UCUM,Unit,S,lg({copies})/mL,1970-01-01,2099-12-31,NA
NA,NA,NA,NA,NA,8875,microequivalent per liter,Unit,UCUM,Unit,S,10*-6.eq/L,1970-01-01,2099-12-31,NA
NA,NA,NA,NA,NA,8876,millimeter mercury column,Unit,UCUM,Unit,S,mm[Hg],1970-01-01,2099-12-31,NA
NA,NA,NA,NA,NA,8881,nanomole of bone collagen equivalent per liter,Unit,UCUM,Unit,S,nmol{BColl}eq/L,1970-01-01,2099-12-31,NA
NA,NA,NA,NA,NA,8888,cells per cubic millimeter,Unit,UCUM,Unit,S,{cells}/mm3,1970-01-01,2099-12-31,NA
NA,NA,NA,NA,NA,8889,cells per high power field,Unit,UCUM,Unit,S,{cells}/[HPF],1970-01-01,2099-12-31,NA
NA,NA,NA,NA,NA,8891,Meter per cubic millimeter,Unit,UCUM,Unit,NA,m/mm3,1970-01-01,2014-01-03,D
NA,NA,NA,NA,NA,8903,Kelvin per cubic millimeter,Unit,UCUM,Unit,NA,K/mm3,1970-01-01,2014-01-03,U
NA,NA,NA,NA,NA,8906,microgram per 24 hours,Unit,UCUM,Unit,S,ug/(24.h),1970-01-01,2099-12-31,NA
NA,NA,NA,NA,NA,8907,micromole per 24 hours,Unit,UCUM,Unit,S,umol/(24.h),1970-01-01,2099-12-31,NA
NA,NA,NA,NA,NA,8908,milligram per 12 hours,Unit,UCUM,Unit,S,mg/(12.h),1970-01-01,2099-12-31,NA
NA,NA,NA,NA,NA,8909,milligram per 24 hours,Unit,UCUM,Unit,S,mg/(24.h),1970-01-01,2099-12-31,NA
NA,NA,NA,NA,NA,8910,millimole per 24 hours,Unit,UCUM,Unit,S,mmol/(24.h),1970-01-01,2099-12-31,NA
NA,NA,NA,NA,NA,8915,unit per gram of creatinine,Unit,UCUM,Unit,S,[U]/g{creat},1970-01-01,2099-12-31,NA
NA,NA,NA,NA,NA,8916,Unit per gram of Hemoglobin,Unit,UCUM,Unit,NA,U/g{HGB},1970-01-01,2014-01-03,U
NA,NA,NA,NA,NA,8923,international unit per liter,Unit,UCUM,Unit,S,[iU]/L,1970-01-01,2099-12-31,NA
NA,NA,NA,NA,NA,8924,kilounit per liter class,Unit,UCUM,Unit,S,10*3.[U]/L{class},1970-01-01,2099-12-31,NA
NA,NA,NA,NA,NA,8927,meter per square kilogram,Unit,UCUM,Unit,S,m/kg2,1970-01-01,2099-12-31,NA
NA,NA,NA,NA,NA,8928,microequivalent per 24 hours,Unit,UCUM,Unit,S,10*-6.eq/(24.h),1970-01-01,2099-12-31,NA
NA,NA,NA,NA,NA,8929,microequivalent per kilogram,Unit,UCUM,Unit,S,10*-6.eq/kg,1970-01-01,2099-12-31,NA
NA,NA,NA,NA,NA,8930,milliliter per 24 hours,Unit,UCUM,Unit,S,mL/(24.h),1970-01-01,2099-12-31,NA
NA,NA,NA,NA,NA,8931,million per cubic millimeter,Unit,UCUM,Unit,S,10*6/mm3,1970-01-01,2099-12-31,NA
NA,NA,NA,NA,NA,8938,thousandth per microliter,Unit,UCUM,Unit,S,10*-3/uL,1970-01-01,2099-12-31,NA
NA,NA,NA,NA,NA,8950,gram per deciliter calculated,Unit,UCUM,Unit,S,g/dL{calc},1970-01-01,2099-12-31,NA
NA,NA,NA,NA,NA,8953,microgram per milliequivalent,Unit,UCUM,Unit,S,ug/10*-3.eq,1970-01-01,2099-12-31,NA
NA,NA,NA,NA,NA,8954,milligram per deciliter adult,Unit,UCUM,Unit,S,mg/dL{adult},1970-01-01,2099-12-31,NA
NA,NA,NA,NA,NA,8955,nanomole per second and liter,Unit,UCUM,Unit,S,nmol/s/L,1970-01-01,2099-12-31,NA
NA,NA,NA,NA,NA,8961,thousand per cubic millimeter,Unit,UCUM,Unit,S,10*3/mm3,1970-01-01,2099-12-31,NA
NA,NA,NA,NA,NA,8967,Gram per deciliter and percent,Unit,UCUM,Unit,NA,g/dL.[%],1970-01-01,2014-01-03,U
NA,NA,NA,NA,NA,8978,Thousand per cubic millimeter4,Unit,UCUM,Unit,NA,10*3/mm4,1970-01-01,2014-01-03,U
NA,NA,NA,NA,NA,8979,unit per gram of total protein,Unit,UCUM,Unit,S,[U]/g{tot'prot},1970-01-01,2099-12-31,NA
NA,NA,NA,NA,NA,8980,arbitrary unit per milliliter,Unit,UCUM,Unit,S,[arb'U]/mL,1970-01-01,2099-12-31,NA
NA,NA,NA,NA,NA,8985,international unit per milliliter,Unit,UCUM,Unit,S,[iU]/mL,1970-01-01,2099-12-31,NA
NA,NA,NA,NA,NA,8989,microgram of fibrinogen equivalent unit per milliliter,Unit,UCUM,Unit,S,ug{FEU}/mL,1970-01-01,2099-12-31,NA
NA,NA,NA,NA,NA,8990,Microgram per milliliter of FEU,Unit,UCUM,Unit,NA,ug/mL{FEU},1970-01-01,2014-01-03,U
NA,NA,NA,NA,NA,8991,milliosmole per kilogram of H20,Unit,UCUM,Unit,S,mosm/kg{H20},1970-01-01,2099-12-31,NA
NA,NA,NA,NA,NA,8992,nanogram per deciliter per hour,Unit,UCUM,Unit,S,ng/dL/h,1970-01-01,2099-12-31,NA
NA,NA,NA,NA,NA,8993,nanomole per hour and milligram,Unit,UCUM,Unit,S,nmol/h/mg,1970-01-01,2099-12-31,NA
NA,NA,NA,NA,NA,8998,complement activity enzyme unit,Unit,UCUM,Unit,S,[CAE'U],1970-01-01,2099-12-31,NA
NA,NA,NA,NA,NA,9014,microgram per gram of creatinine,Unit,UCUM,Unit,S,ug/g{creat},1970-01-01,2099-12-31,NA
NA,NA,NA,NA,NA,9015,micromole per gram of creatinine,Unit,UCUM,Unit,S,umol/g{creat},1970-01-01,2099-12-31,NA
NA,NA,NA,NA,NA,9016,microunit per gram of hemoglobin,Unit,UCUM,Unit,S,10*-6.[U]/g{HGB},1970-01-01,2099-12-31,NA
NA,NA,NA,NA,NA,9017,milligram per gram of creatinine,Unit,UCUM,Unit,S,mg/g{creat},1970-01-01,2099-12-31,NA
NA,NA,NA,NA,NA,9018,millimole per gram of creatinine,Unit,UCUM,Unit,S,mmol/g{creat},1970-01-01,2099-12-31,NA
NA,NA,NA,NA,NA,9019,millimole per mole of creatinine,Unit,UCUM,Unit,S,mmol/mol{creat},1970-01-01,2099-12-31,NA
NA,NA,NA,NA,NA,9020,nanogram per milliliter and hour,Unit,UCUM,Unit,S,ng/mL/h,1970-01-01,2099-12-31,NA
NA,NA,NA,NA,NA,9028,milligram per deciliter calculated,Unit,UCUM,Unit,S,mg/dL{calc},1970-01-01,2099-12-31,NA
NA,NA,NA,NA,NA,9031,unit per billion red blood cells,Unit,UCUM,Unit,S,[U]/10*12.{RBC},1970-01-01,2099-12-31,NA
NA,NA,NA,NA,NA,9032,per 100 white blood cells,Unit,UCUM,Unit,S,/100.{WBC},1970-01-01,2099-12-31,NA
NA,NA,NA,NA,NA,9040,milli-international unit per liter,Unit,UCUM,Unit,S,10*-3.[iU]/L,1970-01-01,2099-12-31,NA
NA,NA,NA,NA,NA,9046,microgram equivalent per milliliter,Unit,UCUM,Unit,S,ug{eq}/mL,1970-01-01,2099-12-31,NA
NA,NA,NA,NA,NA,9058,kilo-international unit per liter,Unit,UCUM,Unit,S,10*3.[iU]/L,1970-01-01,2099-12-31,NA
NA,NA,NA,NA,NA,9061,microgram per deciliter of thyroxine,Unit,UCUM,Unit,S,ug/dL{thyroxine},1970-01-01,2099-12-31,NA
NA,NA,NA,NA,NA,9062,Milliliter per minute per 1.73 meter,Unit,UCUM,Unit,NA,mL/min/{1.73}m,1970-01-01,2014-01-03,U
NA,NA,NA,NA,NA,9063,nanomole per millimole of creatinine,Unit,UCUM,Unit,S,nmol/mmol{creat},1970-01-01,2099-12-31,NA
NA,NA,NA,NA,NA,9072,microgram per milligram of creatinine,Unit,UCUM,Unit,S,ug/mg{creat},1970-01-01,2099-12-31,NA
NA,NA,NA,NA,NA,9073,micromole per millimole of creatinine,Unit,UCUM,Unit,S,umol/mmol{creat},1970-01-01,2099-12-31,NA
NA,NA,NA,NA,NA,9074,milligram per milligram of creatinine,Unit,UCUM,Unit,S,mg/mg{creat},1970-01-01,2099-12-31,NA
NA,NA,NA,NA,NA,9075,milligram per millimole of creatinine,Unit,UCUM,Unit,S,mg/mmol{creat},1970-01-01,2099-12-31,NA
NA,NA,NA,NA,NA,9081,nanogram per milliliter of trypsinogen,Unit,UCUM,Unit,S,ng/mL{trypsinogen},1970-01-01,2099-12-31,NA
NA,NA,NA,NA,NA,9083,unit per milliliter of red blood cells,Unit,UCUM,Unit,S,[U]/mL{RBC},1970-01-01,2099-12-31,NA
NA,NA,NA,NA,NA,9084,log international unit per milliliter,Unit,UCUM,Unit,S,lg([iU])/mL,1970-01-01,2099-12-31,NA
NA,NA,NA,NA,NA,9093,micro-international unit per milliliter,Unit,UCUM,Unit,S,10*-6.[iU]/mL,1970-01-01,2099-12-31,NA
NA,NA,NA,NA,NA,9096,Log10 international units per milliliter,Unit,UCUM,Unit,NA,[{log10}]'[iU]/mL,1970-01-01,2014-01-03,U
NA,NA,NA,NA,NA,9098,milligram per deciliter of phenylalanine,Unit,UCUM,Unit,S,mg/dL{phenylalanine},1970-01-01,2099-12-31,NA
NA,NA,NA,NA,NA,9099,IgA phospholipid unit,Unit,UCUM,Unit,S,[APL'U],1970-01-01,2099-12-31,NA
NA,NA,NA,NA,NA,9100,IgG phospholipid unit,Unit,UCUM,Unit,S,[GPL'U],1970-01-01,2099-12-31,NA
NA,NA,NA,NA,NA,9101,IgM phospholipid unit,Unit,UCUM,Unit,S,[MPL'U],1970-01-01,2099-12-31,NA
NA,NA,NA,NA,NA,9107,International Unit per gram of hemoglobin,Unit,UCUM,Unit,NA,[iU]/g{HGB},1970-01-01,2014-01-03,U
NA,NA,NA,NA,NA,9108,Kelvin International Units per milliliter,Unit,UCUM,Unit,NA,K[iU]/mL,1970-01-01,2014-01-03,U
NA,NA,NA,NA,NA,9113,nanogram per milliliter of red blood cells,Unit,UCUM,Unit,S,ng/mL{RBC},1970-01-01,2099-12-31,NA
NA,NA,NA,NA,NA,9114,nanomole of bone collagen equivalent per millimole of creatinine,Unit,UCUM,Unit,S,nmol{BColl}eq/mmol{creat},1970-01-01,2099-12-31,NA
NA,NA,NA,NA,NA,9117,milliliter per minute per 1.73 square meter,Unit,UCUM,Unit,S,mL/min/1.73.m2,1970-01-01,2099-12-31,NA
NA,NA,NA,NA,NA,9145,nanogram per hour per milligram of total protein,Unit,UCUM,Unit,S,ng/h/mg{tot'prot},1970-01-01,2099-12-31,NA
NA,NA,NA,NA,NA,9148,picomole per eight times 10 to the 8th red blood cells,Unit,UCUM,Unit,S,pmol/8.10*8.{RBC},1970-01-01,2099-12-31,NA
NA,NA,NA,NA,NA,9154,parts per thousand,Unit,UCUM,Unit,S,[ppth],1970-01-01,2099-12-31,NA
NA,NA,NA,NA,NA,9155,parts per trillion,Unit,UCUM,Unit,S,[pptr],1970-01-01,2099-12-31,NA
NA,NA,NA,NA,NA,9156,IgA phospholipid unit per milliliter,Unit,UCUM,Unit,S,[APL'U]/mL,1970-01-01,2099-12-31,NA
NA,NA,NA,NA,NA,9157,IgG phospholipid unit per milliliter,Unit,UCUM,Unit,S,[GPL'U]/mL,1970-01-01,2099-12-31,NA
NA,NA,NA,NA,NA,9158,IgM phospholipid unit per milliliter,Unit,UCUM,Unit,S,[MPL'U]/mL,1970-01-01,2099-12-31,NA
NA,NA,NA,NA,NA,9161,Bethesda unit,Unit,UCUM,Unit,S,[beth'U],1970-01-01,2099-12-31,NA
NA,NA,NA,NA,NA,9163,microunit per liter of thyroid stimulationg hormone (TSH),Unit,UCUM,Unit,S,10*-6.[U]/L{TSH},1970-01-01,2099-12-31,NA
NA,NA,NA,NA,NA,9211,minute,Unit,UCUM,Unit,S,',1970-01-01,2099-12-31,NA
NA,NA,NA,NA,NA,9212,second,Unit,UCUM,Unit,S,'',1970-01-01,2099-12-31,NA
NA,NA,NA,NA,NA,9213,Percent Per 100 WBC [Number Fraction Units],Unit,UCUM,Unit,NA,%/100{WBC},1970-01-01,2014-01-03,U
NA,NA,NA,NA,NA,9214,percent slope,Unit,UCUM,Unit,S,%[slope],1970-01-01,2099-12-31,NA
NA,NA,NA,NA,NA,9215,percent 0 to 3 hours,Unit,UCUM,Unit,S,%{0'to3'hours},1970-01-01,2099-12-31,NA
NA,NA,NA,NA,NA,9216,percent abnormal,Unit,UCUM,Unit,S,%{abnormal},1970-01-01,2099-12-31,NA
NA,NA,NA,NA,NA,9217,percent basal activity,Unit,UCUM,Unit,S,%{basal'activity},1970-01-01,2099-12-31,NA
NA,NA,NA,NA,NA,9218,percent binding,Unit,UCUM,Unit,S,%{binding},1970-01-01,2099-12-31,NA
NA,NA,NA,NA,NA,9219,percent blockade,Unit,UCUM,Unit,S,%{blockade},1970-01-01,2099-12-31,NA
NA,NA,NA,NA,NA,9220,percent bound,Unit,UCUM,Unit,S,%{bound},1970-01-01,2099-12-31,NA
NA,NA,NA,NA,NA,9221,percent carboxyhemoglobin,Unit,UCUM,Unit,S,%{carboxyhemoglobin},1970-01-01,2099-12-31,NA
NA,NA,NA,NA,NA,9222,percent eosinophils,Unit,UCUM,Unit,S,%{eos},1970-01-01,2099-12-31,NA
NA,NA,NA,NA,NA,9223,percent excretion,Unit,UCUM,Unit,S,%{excretion},1970-01-01,2099-12-31,NA
NA,NA,NA,NA,NA,9224,percent fetal erythrocytes,Unit,UCUM,Unit,S,%{fetal'erythrocytes},1970-01-01,2099-12-31,NA
NA,NA,NA,NA,NA,9225,percent hemoglobin A1c,Unit,UCUM,Unit,S,%{HbA1c},1970-01-01,2099-12-31,NA
NA,NA,NA,NA,NA,9226,percent hemolysis,Unit,UCUM,Unit,S,%{hemolysis},1970-01-01,2099-12-31,NA
NA,NA,NA,NA,NA,9227,percent of bacteria,Unit,UCUM,Unit,S,%{of'bacteria},1970-01-01,2099-12-31,NA
NA,NA,NA,NA,NA,9228,percent of lymphocytes,Unit,UCUM,Unit,S,%{of'lymphos},1970-01-01,2099-12-31,NA
NA,NA,NA,NA,NA,9229,percent of white blood cells,Unit,UCUM,Unit,S,%{of'WBC},1970-01-01,2099-12-31,NA
NA,NA,NA,NA,NA,9230,percent oxygen,Unit,UCUM,Unit,S,%{oxygen},1970-01-01,2099-12-31,NA
NA,NA,NA,NA,NA,9231,percent positive,Unit,UCUM,Unit,S,%{positive},1970-01-01,2099-12-31,NA
NA,NA,NA,NA,NA,9232,percent sperm motility,Unit,UCUM,Unit,S,%{sperm'motility},1970-01-01,2099-12-31,NA
NA,NA,NA,NA,NA,9233,percent total protein,Unit,UCUM,Unit,S,%{tot'prot},1970-01-01,2099-12-31,NA
NA,NA,NA,NA,NA,9234,volume percent,Unit,UCUM,Unit,S,%{vol},1970-01-01,2099-12-31,NA
NA,NA,NA,NA,NA,9235,per arbitrary unit,Unit,UCUM,Unit,S,/[arb'U],1970-01-01,2099-12-31,NA
NA,NA,NA,NA,NA,9236,per entity,Unit,UCUM,Unit,S,/{entity},1970-01-01,2099-12-31,NA
NA,NA,NA,NA,NA,9237,per total count,Unit,UCUM,Unit,S,/{tot},1970-01-01,2099-12-31,NA
NA,NA,NA,NA,NA,9238,per ten billion,Unit,UCUM,Unit,S,/10*10,1970-01-01,2099-12-31,NA
NA,NA,NA,NA,NA,9239,per trillion,Unit,UCUM,Unit,S,/10*12,1970-01-01,2099-12-31,NA
NA,NA,NA,NA,NA,9240,per trillion red blood cells,Unit,UCUM,Unit,S,/10*12.{RBC},1970-01-01,2099-12-31,NA
NA,NA,NA,NA,NA,9241,per million,Unit,UCUM,Unit,S,/10*6,1970-01-01,2099-12-31,NA
NA,NA,NA,NA,NA,9242,per billion,Unit,UCUM,Unit,S,/10*9,1970-01-01,2099-12-31,NA
NA,NA,NA,NA,NA,9243,per hundred,Unit,UCUM,Unit,S,/100,1970-01-01,2099-12-31,NA
NA,NA,NA,NA,NA,9244,per 100 spermatozoa,Unit,UCUM,Unit,S,/100.{sperm},1970-01-01,2099-12-31,NA
NA,NA,NA,NA,NA,9245,per deciliter,Unit,UCUM,Unit,S,/dL,1970-01-01,2099-12-31,NA
NA,NA,NA,NA,NA,9246,per gram,Unit,UCUM,Unit,S,/g,1970-01-01,2099-12-31,NA
NA,NA,NA,NA,NA,9247,per gram of creatinine,Unit,UCUM,Unit,S,/g{creat},1970-01-01,2099-12-31,NA
NA,NA,NA,NA,NA,9248,per gram of hemoglobin,Unit,UCUM,Unit,S,/g{HBG},1970-01-01,2099-12-31,NA
NA,NA,NA,NA,NA,9249,per gram of total nitrogen,Unit,UCUM,Unit,S,/g{tot'nit},1970-01-01,2099-12-31,NA
NA,NA,NA,NA,NA,9250,per gram of total protein,Unit,UCUM,Unit,S,/g{tot'prot},1970-01-01,2099-12-31,NA
NA,NA,NA,NA,NA,9251,per gram of wet tissue,Unit,UCUM,Unit,S,/g{wet'tis},1970-01-01,2099-12-31,NA
NA,NA,NA,NA,NA,9252,per kilogram,Unit,UCUM,Unit,S,/kg,1970-01-01,2099-12-31,NA
NA,NA,NA,NA,NA,9253,per kilogram body weight,Unit,UCUM,Unit,S,/kg{body'wt},1970-01-01,2099-12-31,NA
NA,NA,NA,NA,NA,9254,per liter,Unit,UCUM,Unit,S,/L,1970-01-01,2099-12-31,NA
NA,NA,NA,NA,NA,9255,per square meter,Unit,UCUM,Unit,S,/m2,1970-01-01,2099-12-31,NA
NA,NA,NA,NA,NA,9256,per milligram,Unit,UCUM,Unit,S,/mg,1970-01-01,2099-12-31,NA
NA,NA,NA,NA,NA,9257,per milliliter,Unit,UCUM,Unit,S,/mL,1970-01-01,2099-12-31,NA
NA,NA,NA,NA,NA,9258,acre (US),Unit,UCUM,Unit,S,[acr_br],1970-01-01,2099-12-31,NA
NA,NA,NA,NA,NA,9259,acre (British),Unit,UCUM,Unit,S,[acr_us],1970-01-01,2099-12-31,NA
NA,NA,NA,NA,NA,9260,arbitrary unit,Unit,UCUM,Unit,S,[arb'U],1970-01-01,2099-12-31,NA
NA,NA,NA,NA,NA,9261,barrel,Unit,UCUM,Unit,S,[bbl_us],1970-01-01,2099-12-31,NA
NA,NA,NA,NA,NA,9262,Bodansky unit,Unit,UCUM,Unit,S,[bdsk'U],1970-01-01,2099-12-31,NA
NA,NA,NA,NA,NA,9263,board foot,Unit,UCUM,Unit,S,[bf_i],1970-01-01,2099-12-31,NA
NA,NA,NA,NA,NA,9264,thermal unit (British),Unit,UCUM,Unit,S,[Btu],1970-01-01,2099-12-31,NA
NA,NA,NA,NA,NA,9265,British thermal unit at 39 degrees Fahrenheit,Unit,UCUM,Unit,S,[Btu_39],1970-01-01,2099-12-31,NA
NA,NA,NA,NA,NA,9266,british thermal unit at 59 degrees Fahrenheit,Unit,UCUM,Unit,S,[Btu_59],1970-01-01,2099-12-31,NA
NA,NA,NA,NA,NA,9267,British thermal unit at 60 degrees Fahrenheit,Unit,UCUM,Unit,S,[Btu_60],1970-01-01,2099-12-31,NA
NA,NA,NA,NA,NA,9268,thermal unit (international),Unit,UCUM,Unit,S,[Btu_IT],1970-01-01,2099-12-31,NA
NA,NA,NA,NA,NA,9269,mean British Thermal Unit,Unit,UCUM,Unit,S,[Btu_m],1970-01-01,2099-12-31,NA
NA,NA,NA,NA,NA,9270,thermochemical British Thermal Unit,Unit,UCUM,Unit,S,[Btu_th],1970-01-01,2099-12-31,NA
NA,NA,NA,NA,NA,9271,bushel (US),Unit,UCUM,Unit,S,[bu_us],1970-01-01,2099-12-31,NA
NA,NA,NA,NA,NA,9272,velocity of light,Unit,UCUM,Unit,S,[c],1970-01-01,2099-12-31,NA
NA,NA,NA,NA,NA,9273,nutrition label calories,Unit,UCUM,Unit,S,[Cal],1970-01-01,2099-12-31,NA
NA,NA,NA,NA,NA,9274,carat of gold alloys,Unit,UCUM,Unit,S,[car_Au],1970-01-01,2099-12-31,NA
NA,NA,NA,NA,NA,9275,metric carat,Unit,UCUM,Unit,S,[car_m],1970-01-01,2099-12-31,NA
NA,NA,NA,NA,NA,9276,50% cell culture infectious dose,Unit,UCUM,Unit,S,[CCID_50],1970-01-01,2099-12-31,NA
NA,NA,NA,NA,NA,9277,cubic foot,Unit,UCUM,Unit,S,[cft_i],1970-01-01,2099-12-31,NA
NA,NA,NA,NA,NA,9278,colony forming unit,Unit,UCUM,Unit,S,[CFU],1970-01-01,2099-12-31,NA
NA,NA,NA,NA,NA,9279,charriere french,Unit,UCUM,Unit,S,[Ch],1970-01-01,2099-12-31,NA
NA,NA,NA,NA,NA,9280,Gunter's chain (British),Unit,UCUM,Unit,S,[ch_br],1970-01-01,2099-12-31,NA
NA,NA,NA,NA,NA,9281,Gunter's chain (US),Unit,UCUM,Unit,S,[ch_us],1970-01-01,2099-12-31,NA
NA,NA,NA,NA,NA,9282,cicero didot's pica,Unit,UCUM,Unit,S,[cicero],1970-01-01,2099-12-31,NA
NA,NA,NA,NA,NA,9283,cubic inch,Unit,UCUM,Unit,S,[cin_i],1970-01-01,2099-12-31,NA
NA,NA,NA,NA,NA,9284,circular mil,Unit,UCUM,Unit,S,[cml_i],1970-01-01,2099-12-31,NA
NA,NA,NA,NA,NA,9285,cord (international),Unit,UCUM,Unit,S,[cr_i],1970-01-01,2099-12-31,NA
NA,NA,NA,NA,NA,9286,cord (US),Unit,UCUM,Unit,S,[crd_us],1970-01-01,2099-12-31,NA
NA,NA,NA,NA,NA,9287,cup,Unit,UCUM,Unit,S,[cup_us],1970-01-01,2099-12-31,NA
NA,NA,NA,NA,NA,9288,cubic yard,Unit,UCUM,Unit,S,[cyd_i],1970-01-01,2099-12-31,NA
NA,NA,NA,NA,NA,9289,degree Fahrenheit,Unit,UCUM,Unit,S,[degF],1970-01-01,2099-12-31,NA
NA,NA,NA,NA,NA,9290,Didot's point,Unit,UCUM,Unit,S,[didot],1970-01-01,2099-12-31,NA
NA,NA,NA,NA,NA,9291,diopter,Unit,UCUM,Unit,S,[diop],1970-01-01,2099-12-31,NA
NA,NA,NA,NA,NA,9292,dry pint,Unit,UCUM,Unit,S,[dpt_us],1970-01-01,2099-12-31,NA
NA,NA,NA,NA,NA,9293,dry quart,Unit,UCUM,Unit,S,[dqt_us],1970-01-01,2099-12-31,NA
NA,NA,NA,NA,NA,9294,dram (apothecary),Unit,UCUM,Unit,S,[dr_ap],1970-01-01,2099-12-31,NA
NA,NA,NA,NA,NA,9295,dram (avoirdupois),Unit,UCUM,Unit,S,[dr_av],1970-01-01,2099-12-31,NA
NA,NA,NA,NA,NA,9296,drop,Unit,UCUM,Unit,S,[drp],1970-01-01,2099-12-31,NA
NA,NA,NA,NA,NA,9297,dye unit,Unit,UCUM,Unit,S,[dye'U],1970-01-01,2099-12-31,NA
NA,NA,NA,NA,NA,9298,elementary charge,Unit,UCUM,Unit,S,[e],1970-01-01,2099-12-31,NA
NA,NA,NA,NA,NA,9299,permittivity of vacuum,Unit,UCUM,Unit,S,[eps_0],1970-01-01,2099-12-31,NA
NA,NA,NA,NA,NA,9300,fluid dram (British),Unit,UCUM,Unit,S,[fdr_br],1970-01-01,2099-12-31,NA
NA,NA,NA,NA,NA,9301,fluid dram (US),Unit,UCUM,Unit,S,[fdr_us],1970-01-01,2099-12-31,NA
NA,NA,NA,NA,NA,9302,focus forming unit,Unit,UCUM,Unit,S,[FFU],1970-01-01,2099-12-31,NA
NA,NA,NA,NA,NA,9303,fluid ounce (British),Unit,UCUM,Unit,S,[foz_br],1970-01-01,2099-12-31,NA
NA,NA,NA,NA,NA,9304,fluid ounce (US),Unit,UCUM,Unit,S,[foz_us],1970-01-01,2099-12-31,NA
NA,NA,NA,NA,NA,9305,foot (British),Unit,UCUM,Unit,S,[ft_br],1970-01-01,2099-12-31,NA
NA,NA,NA,NA,NA,9306,foot (international),Unit,UCUM,Unit,S,[ft_i],1970-01-01,2099-12-31,NA
NA,NA,NA,NA,NA,9307,foot (US),Unit,UCUM,Unit,S,[ft_us],1970-01-01,2099-12-31,NA
NA,NA,NA,NA,NA,9308,fathom (British),Unit,UCUM,Unit,S,[fth_br],1970-01-01,2099-12-31,NA
NA,NA,NA,NA,NA,9309,fathom (international),Unit,UCUM,Unit,S,[fth_i],1970-01-01,2099-12-31,NA
NA,NA,NA,NA,NA,9310,fathom (US),Unit,UCUM,Unit,S,[fth_us],1970-01-01,2099-12-31,NA
NA,NA,NA,NA,NA,9311,furlong,Unit,UCUM,Unit,S,[fur_us],1970-01-01,2099-12-31,NA
NA,NA,NA,NA,NA,9312,Newtonian constant of gravitation,Unit,UCUM,Unit,S,[G],1970-01-01,2099-12-31,NA
NA,NA,NA,NA,NA,9313,standard acceleration of free fall,Unit,UCUM,Unit,S,[g],1970-01-01,2099-12-31,NA
NA,NA,NA,NA,NA,9314,gallon (British),Unit,UCUM,Unit,S,[gal_br],1970-01-01,2099-12-31,NA
NA,NA,NA,NA,NA,9316,winchester gallon,Unit,UCUM,Unit,S,[gal_wi],1970-01-01,2099-12-31,NA
NA,NA,NA,NA,NA,9317,gill (British),Unit,UCUM,Unit,S,[gil_br],1970-01-01,2099-12-31,NA
NA,NA,NA,NA,NA,9318,gill (US),Unit,UCUM,Unit,S,[gil_us],1970-01-01,2099-12-31,NA
NA,NA,NA,NA,NA,9319,grain,Unit,UCUM,Unit,S,[gr],1970-01-01,2099-12-31,NA
NA,NA,NA,NA,NA,9320,planck constant,Unit,UCUM,Unit,S,[h],1970-01-01,2099-12-31,NA
NA,NA,NA,NA,NA,9321,hand,Unit,UCUM,Unit,S,[hd_i],1970-01-01,2099-12-31,NA
NA,NA,NA,NA,NA,9322,Hounsfield unit,Unit,UCUM,Unit,S,[hnsf'U],1970-01-01,2099-12-31,NA
NA,NA,NA,NA,NA,9323,horsepower,Unit,UCUM,Unit,S,[HP],1970-01-01,2099-12-31,NA
NA,NA,NA,NA,NA,9324,homeopathic potency of centesimal series,Unit,UCUM,Unit,S,[hp_C],1970-01-01,2099-12-31,NA
NA,NA,NA,NA,NA,9325,homeopathic potency of decimal series,Unit,UCUM,Unit,S,[hp_X],1970-01-01,2099-12-31,NA
NA,NA,NA,NA,NA,9326,inch (British),Unit,UCUM,Unit,S,[in_br],1970-01-01,2099-12-31,NA
NA,NA,NA,NA,NA,9327,inch (international),Unit,UCUM,Unit,S,[in_i],1970-01-01,2099-12-31,NA
NA,NA,NA,NA,NA,9328,inch of water column,Unit,UCUM,Unit,S,[in_i'H2O],1970-01-01,2099-12-31,NA
NA,NA,NA,NA,NA,9329,inch of mercury column,Unit,UCUM,Unit,S,[in_i'Hg],1970-01-01,2099-12-31,NA
NA,NA,NA,NA,NA,9330,inch (US),Unit,UCUM,Unit,S,[in_us],1970-01-01,2099-12-31,NA
NA,NA,NA,NA,NA,9332,international unit per deciliter,Unit,UCUM,Unit,S,[iU]/dL,1970-01-01,2099-12-31,NA
NA,NA,NA,NA,NA,9333,international unit per gram,Unit,UCUM,Unit,S,[iU]/g,1970-01-01,2099-12-31,NA
NA,NA,NA,NA,NA,9334,international unit per gram of hemoglobin,Unit,UCUM,Unit,S,[iU]/g{HBG},1970-01-01,2099-12-31,NA
NA,NA,NA,NA,NA,9335,international unit per kilogram,Unit,UCUM,Unit,S,[iU]/kg,1970-01-01,2099-12-31,NA
NA,NA,NA,NA,NA,9338,Boltzmann constant,Unit,UCUM,Unit,S,[k],1970-01-01,2099-12-31,NA
NA,NA,NA,NA,NA,9339,King-Armstrong unit,Unit,UCUM,Unit,S,[ka'U],1970-01-01,2099-12-31,NA
NA,NA,NA,NA,NA,9340,knot (British),Unit,UCUM,Unit,S,[kn_br],1970-01-01,2099-12-31,NA
NA,NA,NA,NA,NA,9341,knot (international),Unit,UCUM,Unit,S,[kn_i],1970-01-01,2099-12-31,NA
NA,NA,NA,NA,NA,9342,Kunkel unit,Unit,UCUM,Unit,S,[knk'U],1970-01-01,2099-12-31,NA
NA,NA,NA,NA,NA,9343,pound (apothecary),Unit,UCUM,Unit,S,[lb_ap],1970-01-01,2099-12-31,NA
NA,NA,NA,NA,NA,9345,pound (troy system),Unit,UCUM,Unit,S,[lb_tr],1970-01-01,2099-12-31,NA
NA,NA,NA,NA,NA,9346,pound force (avoirdupois),Unit,UCUM,Unit,S,[lbf_av],1970-01-01,2099-12-31,NA
NA,NA,NA,NA,NA,9347,long hundredweight,Unit,UCUM,Unit,S,[lcwt_av],1970-01-01,2099-12-31,NA
NA,NA,NA,NA,NA,9348,log10 unit per milliliter,Unit,UCUM,Unit,S,lg([U])/mL,1970-01-01,2099-12-31,NA
NA,NA,NA,NA,NA,9349,ligne french line,Unit,UCUM,Unit,S,[ligne],1970-01-01,2099-12-31,NA
NA,NA,NA,NA,NA,9350,link for Gunter's chain (British),Unit,UCUM,Unit,S,[lk_br],1970-01-01,2099-12-31,NA
NA,NA,NA,NA,NA,9351,link for Gunter's chain (US),Unit,UCUM,Unit,S,[lk_us],1970-01-01,2099-12-31,NA
NA,NA,NA,NA,NA,9352,line,Unit,UCUM,Unit,S,[lne],1970-01-01,2099-12-31,NA
NA,NA,NA,NA,NA,9354,long ton (British),Unit,UCUM,Unit,S,[lton_av],1970-01-01,2099-12-31,NA
NA,NA,NA,NA,NA,9355,light-year,Unit,UCUM,Unit,S,[ly],1970-01-01,2099-12-31,NA
NA,NA,NA,NA,NA,9356,electron mass,Unit,UCUM,Unit,S,[m_e],1970-01-01,2099-12-31,NA
NA,NA,NA,NA,NA,9357,proton mass,Unit,UCUM,Unit,S,[m_p],1970-01-01,2099-12-31,NA
NA,NA,NA,NA,NA,9358,mac lagan unit,Unit,UCUM,Unit,S,[mclg'U],1970-01-01,2099-12-31,NA
NA,NA,NA,NA,NA,9359,mesh,Unit,UCUM,Unit,S,[mesh_i],1970-01-01,2099-12-31,NA
NA,NA,NA,NA,NA,9360,metabolic equivalent,Unit,UCUM,Unit,S,[MET],1970-01-01,2099-12-31,NA
NA,NA,NA,NA,NA,9361,mile (British),Unit,UCUM,Unit,S,[mi_br],1970-01-01,2099-12-31,NA
NA,NA,NA,NA,NA,9362,statute mile,Unit,UCUM,Unit,S,[mi_i],1970-01-01,2099-12-31,NA
NA,NA,NA,NA,NA,9363,mile (US),Unit,UCUM,Unit,S,[mi_us],1970-01-01,2099-12-31,NA
NA,NA,NA,NA,NA,9364,mil (international),Unit,UCUM,Unit,S,[mil_i],1970-01-01,2099-12-31,NA
NA,NA,NA,NA,NA,9365,mil (US),Unit,UCUM,Unit,S,[mil_us],1970-01-01,2099-12-31,NA
NA,NA,NA,NA,NA,9366,minim (British),Unit,UCUM,Unit,S,[min_br],1970-01-01,2099-12-31,NA
NA,NA,NA,NA,NA,9367,minim (US),Unit,UCUM,Unit,S,[min_us],1970-01-01,2099-12-31,NA
NA,NA,NA,NA,NA,9369,permeability of vacuum,Unit,UCUM,Unit,S,[mu_0],1970-01-01,2099-12-31,NA
NA,NA,NA,NA,NA,9370,nautical mile (British),Unit,UCUM,Unit,S,[nmi_br],1970-01-01,2099-12-31,NA
NA,NA,NA,NA,NA,9371,nautical mile (international),Unit,UCUM,Unit,S,[nmi_i],1970-01-01,2099-12-31,NA
NA,NA,NA,NA,NA,9372,ounce (apothecary),Unit,UCUM,Unit,S,[oz_ap],1970-01-01,2099-12-31,NA
NA,NA,NA,NA,NA,9373,ounce (avoirdupois),Unit,UCUM,Unit,S,[oz_av],1970-01-01,2099-12-31,NA
NA,NA,NA,NA,NA,9374,ounce (troy system),Unit,UCUM,Unit,S,[oz_tr],1970-01-01,2099-12-31,NA
NA,NA,NA,NA,NA,9375,pace,Unit,UCUM,Unit,S,[pc_br],1970-01-01,2099-12-31,NA
NA,NA,NA,NA,NA,9376,pica,Unit,UCUM,Unit,S,[pca],1970-01-01,2099-12-31,NA
NA,NA,NA,NA,NA,9377,printer's pica,Unit,UCUM,Unit,S,[pca_pr],1970-01-01,2099-12-31,NA
NA,NA,NA,NA,NA,9378,prism diopter,Unit,UCUM,Unit,S,[p'diop],1970-01-01,2099-12-31,NA
NA,NA,NA,NA,NA,9379,plaque forming unit,Unit,UCUM,Unit,S,[PFU],1970-01-01,2099-12-31,NA
NA,NA,NA,NA,NA,9380,the number pi,Unit,UCUM,Unit,S,[pi],1970-01-01,2099-12-31,NA
NA,NA,NA,NA,NA,9381,pied french foot,Unit,UCUM,Unit,S,[pied],1970-01-01,2099-12-31,NA
NA,NA,NA,NA,NA,9382,peck (British),Unit,UCUM,Unit,S,[pk_br],1970-01-01,2099-12-31,NA
NA,NA,NA,NA,NA,9383,peck (US),Unit,UCUM,Unit,S,[pk_us],1970-01-01,2099-12-31,NA
NA,NA,NA,NA,NA,9384,point,Unit,UCUM,Unit,S,[pnt],1970-01-01,2099-12-31,NA
NA,NA,NA,NA,NA,9385,printer's point,Unit,UCUM,Unit,S,[pnt_pr],1970-01-01,2099-12-31,NA
NA,NA,NA,NA,NA,9386,pouce french inch,Unit,UCUM,Unit,S,[pouce],1970-01-01,2099-12-31,NA
NA,NA,NA,NA,NA,9387,parts per million,Unit,UCUM,Unit,S,[ppm],1970-01-01,2099-12-31,NA
NA,NA,NA,NA,NA,9388,peripheral vascular resistance unit,Unit,UCUM,Unit,S,[PRU],1970-01-01,2099-12-31,NA
NA,NA,NA,NA,NA,9389,pound per sqare inch,Unit,UCUM,Unit,S,[psi],1970-01-01,2099-12-31,NA
NA,NA,NA,NA,NA,9390,pint (British),Unit,UCUM,Unit,S,[pt_br],1970-01-01,2099-12-31,NA
NA,NA,NA,NA,NA,9391,pint (US),Unit,UCUM,Unit,S,[pt_us],1970-01-01,2099-12-31,NA
NA,NA,NA,NA,NA,9392,pennyweight,Unit,UCUM,Unit,S,[pwt_tr],1970-01-01,2099-12-31,NA
NA,NA,NA,NA,NA,9393,quart (British),Unit,UCUM,Unit,S,[qt_br],1970-01-01,2099-12-31,NA
NA,NA,NA,NA,NA,9394,quart (US),Unit,UCUM,Unit,S,[qt_us],1970-01-01,2099-12-31,NA
NA,NA,NA,NA,NA,9395,Ramden's chain,Unit,UCUM,Unit,S,[rch_us],1970-01-01,2099-12-31,NA
NA,NA,NA,NA,NA,9396,rod (British),Unit,UCUM,Unit,S,[rd_br],1970-01-01,2099-12-31,NA
NA,NA,NA,NA,NA,9397,rod (US),Unit,UCUM,Unit,S,[rd_us],1970-01-01,2099-12-31,NA
NA,NA,NA,NA,NA,9398,link for Ramden's chain,Unit,UCUM,Unit,S,[rlk_us],1970-01-01,2099-12-31,NA
NA,NA,NA,NA,NA,9399,Svedberg unit,Unit,UCUM,Unit,S,[S],1970-01-01,2099-12-31,NA
NA,NA,NA,NA,NA,9400,scruple,Unit,UCUM,Unit,S,[sc_ap],1970-01-01,2099-12-31,NA
NA,NA,NA,NA,NA,9401,section,Unit,UCUM,Unit,S,[sct],1970-01-01,2099-12-31,NA
NA,NA,NA,NA,NA,9402,hundredweight (US),Unit,UCUM,Unit,S,[scwt_av],1970-01-01,2099-12-31,NA
NA,NA,NA,NA,NA,9403,square foot,Unit,UCUM,Unit,S,[sft_i],1970-01-01,2099-12-31,NA
NA,NA,NA,NA,NA,9404,square inch,Unit,UCUM,Unit,S,[sin_i],1970-01-01,2099-12-31,NA
NA,NA,NA,NA,NA,9405,Somogyi unit,Unit,UCUM,Unit,S,[smgy'U],1970-01-01,2099-12-31,NA
NA,NA,NA,NA,NA,9406,square mile,Unit,UCUM,Unit,S,[smi_us],1970-01-01,2099-12-31,NA
NA,NA,NA,NA,NA,9407,smoot,Unit,UCUM,Unit,S,[smoot],1970-01-01,2099-12-31,NA
NA,NA,NA,NA,NA,9408,square rod,Unit,UCUM,Unit,S,[srd_us],1970-01-01,2099-12-31,NA
NA,NA,NA,NA,NA,9409,short ton (US),Unit,UCUM,Unit,S,[ston_av],1970-01-01,2099-12-31,NA
NA,NA,NA,NA,NA,9410,stone,Unit,UCUM,Unit,S,[stone_av],1970-01-01,2099-12-31,NA
NA,NA,NA,NA,NA,9411,square yard,Unit,UCUM,Unit,S,[syd_i],1970-01-01,2099-12-31,NA
NA,NA,NA,NA,NA,9412,tablespoon,Unit,UCUM,Unit,S,[tbs_us],1970-01-01,2099-12-31,NA
NA,NA,NA,NA,NA,9413,tuberculin unit,Unit,UCUM,Unit,S,[tb'U],1970-01-01,2099-12-31,NA
NA,NA,NA,NA,NA,9414,50% tissue culture infectious dose,Unit,UCUM,Unit,S,[tcid_50],1970-01-01,2099-12-31,NA
NA,NA,NA,NA,NA,9415,Todd unit,Unit,UCUM,Unit,S,[todd'U],1970-01-01,2099-12-31,NA
NA,NA,NA,NA,NA,9416,teaspoon,Unit,UCUM,Unit,S,[tsp_us],1970-01-01,2099-12-31,NA
NA,NA,NA,NA,NA,9417,township,Unit,UCUM,Unit,S,[twp],1970-01-01,2099-12-31,NA
NA,NA,NA,NA,NA,9418,US pharmacopeia unit,Unit,UCUM,Unit,S,[USP'U],1970-01-01,2099-12-31,NA
NA,NA,NA,NA,NA,9419,yard (British),Unit,UCUM,Unit,S,[yd_br],1970-01-01,2099-12-31,NA
NA,NA,NA,NA,NA,9420,yard (international),Unit,UCUM,Unit,S,[yd_i],1970-01-01,2099-12-31,NA
NA,NA,NA,NA,NA,9421,yard (US),Unit,UCUM,Unit,S,[yd_us],1970-01-01,2099-12-31,NA
NA,NA,NA,NA,NA,9422,AHG-equivalent per milliliter,Unit,UCUM,Unit,S,{AHG}eq/mL,1970-01-01,2099-12-31,NA
NA,NA,NA,NA,NA,9423,colony forming unit per milliliter,Unit,UCUM,Unit,S,[CFU]/mL,1970-01-01,2099-12-31,NA
NA,NA,NA,NA,NA,9424,complement Ch50 unit per milliliter,Unit,UCUM,Unit,S,[CH50'U]/mL,1970-01-01,2099-12-31,NA
NA,NA,NA,NA,NA,9425,Ehrlich unit per 100 gram,Unit,UCUM,Unit,S,[EU]/100.g,1970-01-01,2099-12-31,NA
NA,NA,NA,NA,NA,9426,ELISA unit per milliliter,Unit,UCUM,Unit,S,[ELU]/mL,1970-01-01,2099-12-31,NA
NA,NA,NA,NA,NA,9427,red blood cell count [number],Unit,UCUM,Unit,NA,{rbc},1970-01-01,2014-01-03,D
NA,NA,NA,NA,NA,9428,red blood cells per microliter,Unit,UCUM,Unit,S,{RBC}/uL,1970-01-01,2099-12-31,NA
NA,NA,NA,NA,NA,9429,Relative Percent [General Fraction Unit],Unit,UCUM,Unit,NA,{Relative}%,1970-01-01,2014-01-03,D
NA,NA,NA,NA,NA,9430,spermatozoa per milliliter,Unit,UCUM,Unit,S,{sperm}/mL,1970-01-01,2099-12-31,NA
NA,NA,NA,NA,NA,9431,tablet,Unit,UCUM,Unit,S,{tbl},1970-01-01,2099-12-31,NA
NA,NA,NA,NA,NA,9433,number ten,Unit,UCUM,Unit,S,10*,1970-01-01,2099-12-31,NA
NA,NA,NA,NA,NA,9434,thousand red blood cells,Unit,UCUM,Unit,S,10*3.{RBC},1970-01-01,2099-12-31,NA
NA,NA,NA,NA,NA,9435,thousand per liter,Unit,UCUM,Unit,S,10*3/L,1970-01-01,2099-12-31,NA
NA,NA,NA,NA,NA,9436,thousand per milliliter,Unit,UCUM,Unit,S,10*3/mL,1970-01-01,2099-12-31,NA
NA,NA,NA,NA,NA,9437,thousand copies per milliliter,Unit,UCUM,Unit,S,10*3.{copies}/mL,1970-01-01,2099-12-31,NA
NA,NA,NA,NA,NA,9438,hundred thousand,Unit,UCUM,Unit,S,10*5,1970-01-01,2099-12-31,NA
NA,NA,NA,NA,NA,9439,mega-international unit,Unit,UCUM,Unit,NA,10*6.[iU],1970-01-01,2016-03-11,D
NA,NA,NA,NA,NA,9440,megaequivalent per milliliter,Unit,UCUM,Unit,S,10*6.eq/mL,1970-01-01,2099-12-31,NA
NA,NA,NA,NA,NA,9441,million per specimen,Unit,UCUM,Unit,S,10*6/{spec},1970-01-01,2099-12-31,NA
NA,NA,NA,NA,NA,9442,million per liter,Unit,UCUM,Unit,S,10*6/L,1970-01-01,2099-12-31,NA
NA,NA,NA,NA,NA,9443,hundred million,Unit,UCUM,Unit,S,10*8,1970-01-01,2099-12-31,NA
NA,NA,NA,NA,NA,9444,billion per liter,Unit,UCUM,Unit,S,10*9/L,1970-01-01,2099-12-31,NA
NA,NA,NA,NA,NA,9445,billion per milliliter,Unit,UCUM,Unit,S,10*9/mL,1970-01-01,2099-12-31,NA
NA,NA,NA,NA,NA,9446,billion per microliter,Unit,UCUM,Unit,S,10*9/uL,1970-01-01,2099-12-31,NA
NA,NA,NA,NA,NA,9447,the number ten,Unit,UCUM,Unit,S,10^,1970-01-01,2099-12-31,NA
NA,NA,NA,NA,NA,9448,year,Unit,UCUM,Unit,S,a,1970-01-01,2099-12-31,NA
NA,NA,NA,NA,NA,9449,mean gregorian year,Unit,UCUM,Unit,S,a_g,1970-01-01,2099-12-31,NA
NA,NA,NA,NA,NA,9450,mean julian year,Unit,UCUM,Unit,S,a_j,1970-01-01,2099-12-31,NA
NA,NA,NA,NA,NA,9451,tropical year,Unit,UCUM,Unit,S,a_t,1970-01-01,2099-12-31,NA
NA,NA,NA,NA,NA,9452,Angstrom,Unit,UCUM,Unit,S,Ang,1970-01-01,2099-12-31,NA
NA,NA,NA,NA,NA,9453,are,Unit,UCUM,Unit,S,ar,1970-01-01,2099-12-31,NA
NA,NA,NA,NA,NA,9454,standard atmosphere,Unit,UCUM,Unit,S,atm,1970-01-01,2099-12-31,NA
NA,NA,NA,NA,NA,9455,technical atmosphere,Unit,UCUM,Unit,S,att,1970-01-01,2099-12-31,NA
NA,NA,NA,NA,NA,9456,barn,Unit,UCUM,Unit,S,b,1970-01-01,2099-12-31,NA
NA,NA,NA,NA,NA,9457,bel,Unit,UCUM,Unit,S,B,1970-01-01,2099-12-31,NA
NA,NA,NA,NA,NA,9458,bel kilowatt,Unit,UCUM,Unit,S,B[kW],1970-01-01,2099-12-31,NA
NA,NA,NA,NA,NA,9459,bel millivolt,Unit,UCUM,Unit,S,B[mV],1970-01-01,2099-12-31,NA
NA,NA,NA,NA,NA,9460,bel sound pressure,Unit,UCUM,Unit,S,B[SPL],1970-01-01,2099-12-31,NA
NA,NA,NA,NA,NA,9461,bel microvolt,Unit,UCUM,Unit,S,B[uV],1970-01-01,2099-12-31,NA
NA,NA,NA,NA,NA,9462,bel volt,Unit,UCUM,Unit,S,B[V],1970-01-01,2099-12-31,NA
NA,NA,NA,NA,NA,9463,bel watt,Unit,UCUM,Unit,S,B[W],1970-01-01,2099-12-31,NA
NA,NA,NA,NA,NA,9464,bar,Unit,UCUM,Unit,S,bar,1970-01-01,2099-12-31,NA
NA,NA,NA,NA,NA,9465,baud,Unit,UCUM,Unit,S,Bd,1970-01-01,2099-12-31,NA
NA,NA,NA,NA,NA,9466,biot,Unit,UCUM,Unit,S,Bi,1970-01-01,2099-12-31,NA
NA,NA,NA,NA,NA,9467,bit,Unit,UCUM,Unit,S,bit,1970-01-01,2099-12-31,NA
NA,NA,NA,NA,NA,9468,bit [amount of information],Unit,UCUM,Unit,NA,bit_s,1970-01-01,2014-01-03,U
NA,NA,NA,NA,NA,9469,becquerel,Unit,UCUM,Unit,S,Bq,1970-01-01,2099-12-31,NA
NA,NA,NA,NA,NA,9470,byte,Unit,UCUM,Unit,S,By,1970-01-01,2099-12-31,NA
NA,NA,NA,NA,NA,9471,coulomb,Unit,UCUM,Unit,S,C,1970-01-01,2099-12-31,NA
NA,NA,NA,NA,NA,9472,calorie,Unit,UCUM,Unit,S,cal,1970-01-01,2099-12-31,NA
NA,NA,NA,NA,NA,9473,calorie at 15 degrees Celsius,Unit,UCUM,Unit,S,cal_[15],1970-01-01,2099-12-31,NA
NA,NA,NA,NA,NA,9474,calorie at 20 degrees Celsius,Unit,UCUM,Unit,S,cal_[20],1970-01-01,2099-12-31,NA
NA,NA,NA,NA,NA,9475,calorie (international table),Unit,UCUM,Unit,S,cal_IT,1970-01-01,2099-12-31,NA
NA,NA,NA,NA,NA,9476,mean calorie,Unit,UCUM,Unit,S,cal_m,1970-01-01,2099-12-31,NA
NA,NA,NA,NA,NA,9477,thermochemical calorie,Unit,UCUM,Unit,S,cal_th,1970-01-01,2099-12-31,NA
NA,NA,NA,NA,NA,9478,candela,Unit,UCUM,Unit,S,cd,1970-01-01,2099-12-31,NA
NA,NA,NA,NA,NA,9479,centigram,Unit,UCUM,Unit,S,cg,1970-01-01,2099-12-31,NA
NA,NA,NA,NA,NA,9480,curie,Unit,UCUM,Unit,S,Ci,1970-01-01,2099-12-31,NA
NA,NA,NA,NA,NA,9481,circle,Unit,UCUM,Unit,S,circ,1970-01-01,2099-12-31,NA
NA,NA,NA,NA,NA,9482,centiliter,Unit,UCUM,Unit,S,cL,1970-01-01,2099-12-31,NA
NA,NA,NA,NA,NA,9483,square centimeter,Unit,UCUM,Unit,S,cm2,1970-01-01,2099-12-31,NA
NA,NA,NA,NA,NA,9484,degree,Unit,UCUM,Unit,S,deg,1970-01-01,2099-12-31,NA
NA,NA,NA,NA,NA,9485,decigram,Unit,UCUM,Unit,S,dg,1970-01-01,2099-12-31,NA
NA,NA,NA,NA,NA,9486,deciliter,Unit,UCUM,Unit,S,dL,1970-01-01,2099-12-31,NA
NA,NA,NA,NA,NA,9487,decimeter,Unit,UCUM,Unit,S,dm,1970-01-01,2099-12-31,NA
NA,NA,NA,NA,NA,9488,dyne,Unit,UCUM,Unit,S,dyn,1970-01-01,2099-12-31,NA
NA,NA,NA,NA,NA,9489,equivalent,Unit,UCUM,Unit,S,eq,1970-01-01,2099-12-31,NA
NA,NA,NA,NA,NA,9490,equivalent per liter,Unit,UCUM,Unit,S,eq/L,1970-01-01,2099-12-31,NA
NA,NA,NA,NA,NA,9491,equivalent per milliliter,Unit,UCUM,Unit,S,eq/mL,1970-01-01,2099-12-31,NA
NA,NA,NA,NA,NA,9492,equivalent per millimole,Unit,UCUM,Unit,S,eq/mmol,1970-01-01,2099-12-31,NA
NA,NA,NA,NA,NA,9493,equivalent per micromole,Unit,UCUM,Unit,S,eq/umol,1970-01-01,2099-12-31,NA
NA,NA,NA,NA,NA,9494,erg,Unit,UCUM,Unit,S,erg,1970-01-01,2099-12-31,NA
NA,NA,NA,NA,NA,9495,electronvolt,Unit,UCUM,Unit,S,eV,1970-01-01,2099-12-31,NA
NA,NA,NA,NA,NA,9496,femtogram,Unit,UCUM,Unit,S,fg,1970-01-01,2099-12-31,NA
NA,NA,NA,NA,NA,9497,femtometer,Unit,UCUM,Unit,S,fm,1970-01-01,2099-12-31,NA
NA,NA,NA,NA,NA,9498,femtomole,Unit,UCUM,Unit,S,fmol,1970-01-01,2099-12-31,NA
NA,NA,NA,NA,NA,9499,femtomole per gram,Unit,UCUM,Unit,S,fmol/g,1970-01-01,2099-12-31,NA
NA,NA,NA,NA,NA,9500,femtomole per milligram,Unit,UCUM,Unit,S,fmol/mg,1970-01-01,2099-12-31,NA
NA,NA,NA,NA,NA,9501,femtomole per milliliter,Unit,UCUM,Unit,S,fmol/mL,1970-01-01,2099-12-31,NA
NA,NA,NA,NA,NA,9502,Gauss,Unit,UCUM,Unit,S,G,1970-01-01,2099-12-31,NA
NA,NA,NA,NA,NA,9503,gram percent,Unit,UCUM,Unit,S,g%,1970-01-01,2099-12-31,NA
NA,NA,NA,NA,NA,9504,gram-meter,Unit,UCUM,Unit,S,g.m,1970-01-01,2099-12-31,NA
NA,NA,NA,NA,NA,9505,gram-meter per heart beat per square meter,Unit,UCUM,Unit,S,g.m/({hb}.m2),1970-01-01,2099-12-31,NA
NA,NA,NA,NA,NA,9506,gram meter per heartbeat [proportional to ventricular stroke work],Unit,UCUM,Unit,NA,g.m/{H.B.},1970-01-01,2014-01-03,U
NA,NA,NA,NA,NA,9507,gram-meter per heart beat,Unit,UCUM,Unit,S,g.m/{hb},1970-01-01,2099-12-31,NA
NA,NA,NA,NA,NA,9508,gram per 100 gram,Unit,UCUM,Unit,S,g/100.g,1970-01-01,2099-12-31,NA
NA,NA,NA,NA,NA,9509,gram per total weight,Unit,UCUM,Unit,S,g/{tot'wt},1970-01-01,2099-12-31,NA
NA,NA,NA,NA,NA,9510,gram per gram,Unit,UCUM,Unit,S,g/g,1970-01-01,2099-12-31,NA
NA,NA,NA,NA,NA,9511,gram per gram of creatinine,Unit,UCUM,Unit,S,g/g{creat},1970-01-01,2099-12-31,NA
NA,NA,NA,NA,NA,9512,gram per kilogram,Unit,UCUM,Unit,S,g/kg,1970-01-01,2099-12-31,NA
NA,NA,NA,NA,NA,9513,gram per square meter,Unit,UCUM,Unit,S,g/m2,1970-01-01,2099-12-31,NA
NA,NA,NA,NA,NA,9514,gram per milliliter,Unit,UCUM,Unit,S,g/mL,1970-01-01,2099-12-31,NA
NA,NA,NA,NA,NA,9515,gallon (US),Unit,UCUM,Unit,S,[gal_us],1970-01-01,2099-12-31,NA
NA,NA,NA,NA,NA,9516,gilbert,Unit,UCUM,Unit,S,Gb,1970-01-01,2099-12-31,NA
NA,NA,NA,NA,NA,9517,gram-force,Unit,UCUM,Unit,S,gf,1970-01-01,2099-12-31,NA
NA,NA,NA,NA,NA,9518,gon grade,Unit,UCUM,Unit,S,gon,1970-01-01,2099-12-31,NA
NA,NA,NA,NA,NA,9519,gray,Unit,UCUM,Unit,S,Gy,1970-01-01,2099-12-31,NA
NA,NA,NA,NA,NA,9520,hectoliter,Unit,UCUM,Unit,S,hL,1970-01-01,2099-12-31,NA
NA,NA,NA,NA,NA,9521,Hertz,Unit,UCUM,Unit,S,Hz,1970-01-01,2099-12-31,NA
NA,NA,NA,NA,NA,9522,joule,Unit,UCUM,Unit,S,J,1970-01-01,2099-12-31,NA
NA,NA,NA,NA,NA,9523,kelvin,Unit,UCUM,Unit,S,K,1970-01-01,2099-12-31,NA
NA,NA,NA,NA,NA,9524,kelvin per watt,Unit,UCUM,Unit,S,K/W,1970-01-01,2099-12-31,NA
NA,NA,NA,NA,NA,9525,kilo-international unit per milliliter,Unit,UCUM,Unit,S,10*3.[iU]/mL,1970-01-01,2099-12-31,NA
NA,NA,NA,NA,NA,9526,katal,Unit,UCUM,Unit,S,kat,1970-01-01,2099-12-31,NA
NA,NA,NA,NA,NA,9527,katal per kilogram,Unit,UCUM,Unit,S,kat/kg,1970-01-01,2099-12-31,NA
NA,NA,NA,NA,NA,9528,kilocalories per ounce,Unit,UCUM,Unit,S,kcal/[oz_av],1970-01-01,2099-12-31,NA
NA,NA,NA,NA,NA,9529,kilogram,Unit,UCUM,Unit,S,kg,1970-01-01,2099-12-31,NA
NA,NA,NA,NA,NA,9530,kilogram per liter,Unit,UCUM,Unit,S,kg/L,1970-01-01,2099-12-31,NA
NA,NA,NA,NA,NA,9531,kilogram per square meter,Unit,UCUM,Unit,S,kg/m2,1970-01-01,2099-12-31,NA
NA,NA,NA,NA,NA,9532,kilogram per cubic meter,Unit,UCUM,Unit,S,kg/m3,1970-01-01,2099-12-31,NA
NA,NA,NA,NA,NA,9533,kilogram per mole,Unit,UCUM,Unit,S,kg/mol,1970-01-01,2099-12-31,NA
NA,NA,NA,NA,NA,9534,kilogram of wet tissue,Unit,UCUM,Unit,S,kg{wet'tis},1970-01-01,2099-12-31,NA
NA,NA,NA,NA,NA,9535,kiloliter,Unit,UCUM,Unit,S,kL,1970-01-01,2099-12-31,NA
NA,NA,NA,NA,NA,9536,kilometer,Unit,UCUM,Unit,S,km,1970-01-01,2099-12-31,NA
NA,NA,NA,NA,NA,9537,kilosecond,Unit,UCUM,Unit,S,ks,1970-01-01,2099-12-31,NA
NA,NA,NA,NA,NA,9538,kilounit per gram,Unit,UCUM,Unit,S,10*3.[U]/g,1970-01-01,2099-12-31,NA
NA,NA,NA,NA,NA,9539,kayser,Unit,UCUM,Unit,S,Ky,1970-01-01,2099-12-31,NA
NA,NA,NA,NA,NA,9540,liter [volume],Unit,UCUM,Unit,NA,l,1970-01-01,2014-01-03,U
NA,NA,NA,NA,NA,9541,liter-square second per second,Unit,UCUM,Unit,S,L.s2/s,1970-01-01,2099-12-31,NA
NA,NA,NA,NA,NA,9542,liter per kilogram,Unit,UCUM,Unit,S,L/kg,1970-01-01,2099-12-31,NA
NA,NA,NA,NA,NA,9543,lumen,Unit,UCUM,Unit,S,lm,1970-01-01,2099-12-31,NA
NA,NA,NA,NA,NA,9544,lambert,Unit,UCUM,Unit,S,Lmb,1970-01-01,2099-12-31,NA
NA,NA,NA,NA,NA,9545,lux,Unit,UCUM,Unit,S,lx,1970-01-01,2099-12-31,NA
NA,NA,NA,NA,NA,9546,meter,Unit,UCUM,Unit,S,m,1970-01-01,2099-12-31,NA
NA,NA,NA,NA,NA,9547,meter of water column,Unit,UCUM,Unit,S,m[H2O],1970-01-01,2099-12-31,NA
NA,NA,NA,NA,NA,9548,meter of mercury column,Unit,UCUM,Unit,S,m[Hg],1970-01-01,2099-12-31,NA
NA,NA,NA,NA,NA,9550,milli-international unit per milliliter,Unit,UCUM,Unit,S,10*-3.[iU]/mL,1970-01-01,2099-12-31,NA
NA,NA,NA,NA,NA,9551,milliequivalent,Unit,UCUM,Unit,S,10*-3.eq,1970-01-01,2099-12-31,NA
NA,NA,NA,NA,NA,9552,milliequivalent per specimen,Unit,UCUM,Unit,S,10*-3.eq/{spec},1970-01-01,2099-12-31,NA
NA,NA,NA,NA,NA,9553,milliequivalent per deciliter,Unit,UCUM,Unit,S,10*-3.eq/dL,1970-01-01,2099-12-31,NA
NA,NA,NA,NA,NA,9554,milliequivalent per gram,Unit,UCUM,Unit,S,10*-3.eq/g,1970-01-01,2099-12-31,NA
NA,NA,NA,NA,NA,9555,milliequivalent per gram of creatinine,Unit,UCUM,Unit,S,10*-3.eq/g{creat},1970-01-01,2099-12-31,NA
NA,NA,NA,NA,NA,9556,milliequivalent per kilogram,Unit,UCUM,Unit,S,10*-3.eq/kg,1970-01-01,2099-12-31,NA
NA,NA,NA,NA,NA,9557,milliequivalent per liter,Unit,UCUM,Unit,S,10*-3.eq/L,1970-01-01,2099-12-31,NA
NA,NA,NA,NA,NA,9558,milliequivalent per square meter,Unit,UCUM,Unit,S,10*-3.eq/m2,1970-01-01,2099-12-31,NA
NA,NA,NA,NA,NA,9559,milliequivalent per milliliter,Unit,UCUM,Unit,S,10*-3.eq/mL,1970-01-01,2099-12-31,NA
NA,NA,NA,NA,NA,9560,milligram per total volume,Unit,UCUM,Unit,S,mg/{tot'vol},1970-01-01,2099-12-31,NA
NA,NA,NA,NA,NA,9561,milligram per volume,Unit,UCUM,Unit,S,mg/{vol},1970-01-01,2099-12-31,NA
NA,NA,NA,NA,NA,9562,milligram per kilogram,Unit,UCUM,Unit,S,mg/kg,1970-01-01,2099-12-31,NA
NA,NA,NA,NA,NA,9563,milligram per square meter,Unit,UCUM,Unit,S,mg/m2,1970-01-01,2099-12-31,NA
NA,NA,NA,NA,NA,9564,milligram per cubic meter,Unit,UCUM,Unit,S,mg/m3,1970-01-01,2099-12-31,NA
NA,NA,NA,NA,NA,9565,milligram per milligram,Unit,UCUM,Unit,S,mg/mg,1970-01-01,2099-12-31,NA
NA,NA,NA,NA,NA,9566,milligram of creatinine,Unit,UCUM,Unit,S,mg{creat},1970-01-01,2099-12-31,NA
NA,NA,NA,NA,NA,9567,milligram of phenylketones per deciliter,Unit,UCUM,Unit,S,mg{phenylketone}/dL,1970-01-01,2099-12-31,NA
NA,NA,NA,NA,NA,9568,mho,Unit,UCUM,Unit,S,mho,1970-01-01,2099-12-31,NA
NA,NA,NA,NA,NA,9569,milliliter per heart beat,Unit,UCUM,Unit,S,mL/{hb},1970-01-01,2099-12-31,NA
NA,NA,NA,NA,NA,9570,milliliter per deciliter,Unit,UCUM,Unit,S,mL/dL,1970-01-01,2099-12-31,NA
NA,NA,NA,NA,NA,9571,milliliter per kilogram,Unit,UCUM,Unit,S,mL/kg,1970-01-01,2099-12-31,NA
NA,NA,NA,NA,NA,9572,square millimeter,Unit,UCUM,Unit,S,mm2,1970-01-01,2099-12-31,NA
NA,NA,NA,NA,NA,9573,millimole,Unit,UCUM,Unit,S,mmol,1970-01-01,2099-12-31,NA
NA,NA,NA,NA,NA,9574,millimole per total volume,Unit,UCUM,Unit,S,mmol/{tot'vol},1970-01-01,2099-12-31,NA
NA,NA,NA,NA,NA,9575,millimole per deciliter,Unit,UCUM,Unit,S,mmol/dL,1970-01-01,2099-12-31,NA
NA,NA,NA,NA,NA,9576,millimole per gram,Unit,UCUM,Unit,S,mmol/g,1970-01-01,2099-12-31,NA
NA,NA,NA,NA,NA,9577,millimole per kilogram,Unit,UCUM,Unit,S,mmol/kg,1970-01-01,2099-12-31,NA
NA,NA,NA,NA,NA,9578,millimole per square meter,Unit,UCUM,Unit,S,mmol/m2,1970-01-01,2099-12-31,NA
NA,NA,NA,NA,NA,9579,millimole per mole,Unit,UCUM,Unit,S,mmol/mol,1970-01-01,2099-12-31,NA
NA,NA,NA,NA,NA,9580,month,Unit,UCUM,Unit,S,mo,1970-01-01,2099-12-31,NA
NA,NA,NA,NA,NA,9581,mean gregorian month,Unit,UCUM,Unit,S,mo_g,1970-01-01,2099-12-31,NA
NA,NA,NA,NA,NA,9582,mean julian month,Unit,UCUM,Unit,S,mo_j,1970-01-01,2099-12-31,NA
NA,NA,NA,NA,NA,9583,synodal month,Unit,UCUM,Unit,S,mo_s,1970-01-01,2099-12-31,NA
NA,NA,NA,NA,NA,9584,mole,Unit,UCUM,Unit,S,mol,1970-01-01,2099-12-31,NA
NA,NA,NA,NA,NA,9585,mole per kilogram,Unit,UCUM,Unit,S,mol/kg,1970-01-01,2099-12-31,NA
NA,NA,NA,NA,NA,9586,mole per liter,Unit,UCUM,Unit,S,mol/L,1970-01-01,2099-12-31,NA
NA,NA,NA,NA,NA,9587,mole per cubic meter,Unit,UCUM,Unit,S,mol/m3,1970-01-01,2099-12-31,NA
NA,NA,NA,NA,NA,9588,mole per milliliter,Unit,UCUM,Unit,S,mol/mL,1970-01-01,2099-12-31,NA
NA,NA,NA,NA,NA,9591,milliosmole per liter,Unit,UCUM,Unit,S,mosm/L,1970-01-01,2099-12-31,NA
NA,NA,NA,NA,NA,9592,megasecond,Unit,UCUM,Unit,S,Ms,1970-01-01,2099-12-31,NA
NA,NA,NA,NA,NA,9593,millisecond,Unit,UCUM,Unit,S,ms,1970-01-01,2099-12-31,NA
NA,NA,NA,NA,NA,9594,milliunit per gram,Unit,UCUM,Unit,S,10*-3.[U]/g,1970-01-01,2099-12-31,NA
NA,NA,NA,NA,NA,9595,milliunit per gram of hemoglobin,Unit,UCUM,Unit,S,10*-3.[U]/g{HGB},1970-01-01,2099-12-31,NA
NA,NA,NA,NA,NA,9596,milliunit per milligram,Unit,UCUM,Unit,S,10*-3.[U]/mg,1970-01-01,2099-12-31,NA
NA,NA,NA,NA,NA,9597,milliunit per milligram of creatinine,Unit,UCUM,Unit,S,10*-3.[U]/mg{creat},1970-01-01,2099-12-31,NA
NA,NA,NA,NA,NA,9598,maxwell,Unit,UCUM,Unit,S,Mx,1970-01-01,2099-12-31,NA
NA,NA,NA,NA,NA,9599,newton,Unit,UCUM,Unit,S,N,1970-01-01,2099-12-31,NA
NA,NA,NA,NA,NA,9600,nanogram,Unit,UCUM,Unit,S,ng,1970-01-01,2099-12-31,NA
NA,NA,NA,NA,NA,9601,nanogram per gram of creatinine,Unit,UCUM,Unit,S,ng/g{creat},1970-01-01,2099-12-31,NA
NA,NA,NA,NA,NA,9602,nanogram per kilogram,Unit,UCUM,Unit,S,ng/kg,1970-01-01,2099-12-31,NA
NA,NA,NA,NA,NA,9603,nanogram per square meter,Unit,UCUM,Unit,S,ng/m2,1970-01-01,2099-12-31,NA
NA,NA,NA,NA,NA,9604,nanogram per milligram of protein,Unit,UCUM,Unit,S,ng/mg{prot},1970-01-01,2099-12-31,NA
NA,NA,NA,NA,NA,9606,nanoliter,Unit,UCUM,Unit,S,nL,1970-01-01,2099-12-31,NA
NA,NA,NA,NA,NA,9607,nanomole,Unit,UCUM,Unit,S,nmol,1970-01-01,2099-12-31,NA
NA,NA,NA,NA,NA,9608,nanomole per deciliter,Unit,UCUM,Unit,S,nmol/dL,1970-01-01,2099-12-31,NA
NA,NA,NA,NA,NA,9609,nanomole per gram,Unit,UCUM,Unit,S,nmol/g,1970-01-01,2099-12-31,NA
NA,NA,NA,NA,NA,9610,nanomole per gram of creatinine,Unit,UCUM,Unit,S,nmol/g{creat},1970-01-01,2099-12-31,NA
NA,NA,NA,NA,NA,9611,nanomole per milligram,Unit,UCUM,Unit,S,nmol/mg,1970-01-01,2099-12-31,NA
NA,NA,NA,NA,NA,9612,nanomole per millimole,Unit,UCUM,Unit,S,nmol/mmol,1970-01-01,2099-12-31,NA
NA,NA,NA,NA,NA,9613,NanoMoles Per MilliMole Creatinine [Substance Ratio Or Substance Fraction Units],Unit,UCUM,Unit,NA,nmol/mmol{Cre},1970-01-01,2014-01-03,U
NA,NA,NA,NA,NA,9614,nanomole per mole,Unit,UCUM,Unit,S,nmol/mol,1970-01-01,2099-12-31,NA
NA,NA,NA,NA,NA,9615,neper,Unit,UCUM,Unit,S,Np,1970-01-01,2099-12-31,NA
NA,NA,NA,NA,NA,9616,nanosecond,Unit,UCUM,Unit,S,ns,1970-01-01,2099-12-31,NA
NA,NA,NA,NA,NA,9617,oersted,Unit,UCUM,Unit,S,Oe,1970-01-01,2099-12-31,NA
NA,NA,NA,NA,NA,9618,ohm,Unit,UCUM,Unit,S,Ohm,1970-01-01,2099-12-31,NA
NA,NA,NA,NA,NA,9619,osmole,Unit,UCUM,Unit,S,osm,1970-01-01,2099-12-31,NA
NA,NA,NA,NA,NA,9620,osmole per kilogram,Unit,UCUM,Unit,S,osm/kg,1970-01-01,2099-12-31,NA
NA,NA,NA,NA,NA,9621,osmole per liter,Unit,UCUM,Unit,S,osm/L,1970-01-01,2099-12-31,NA
NA,NA,NA,NA,NA,9622,poise,Unit,UCUM,Unit,S,P,1970-01-01,2099-12-31,NA
NA,NA,NA,NA,NA,9623,pascal,Unit,UCUM,Unit,S,Pa,1970-01-01,2099-12-31,NA
NA,NA,NA,NA,NA,9624,parsec,Unit,UCUM,Unit,S,pc,1970-01-01,2099-12-31,NA
NA,NA,NA,NA,NA,9625,picogram per liter,Unit,UCUM,Unit,S,pg/L,1970-01-01,2099-12-31,NA
NA,NA,NA,NA,NA,9626,picogram per millimeter,Unit,UCUM,Unit,S,pg/mm,1970-01-01,2099-12-31,NA
NA,NA,NA,NA,NA,9627,phot,Unit,UCUM,Unit,S,ph,1970-01-01,2099-12-31,NA
NA,NA,NA,NA,NA,9628,picoliter,Unit,UCUM,Unit,S,pL,1970-01-01,2099-12-31,NA
NA,NA,NA,NA,NA,9629,picometer,Unit,UCUM,Unit,S,pm,1970-01-01,2099-12-31,NA
NA,NA,NA,NA,NA,9630,picomole,Unit,UCUM,Unit,S,pmol,1970-01-01,2099-12-31,NA
NA,NA,NA,NA,NA,9631,picomole per deciliter,Unit,UCUM,Unit,S,pmol/dL,1970-01-01,2099-12-31,NA
NA,NA,NA,NA,NA,9632,picomole per milliliter,Unit,UCUM,Unit,S,pmol/mL,1970-01-01,2099-12-31,NA
NA,NA,NA,NA,NA,9633,picomole per micromole,Unit,UCUM,Unit,S,pmol/umol,1970-01-01,2099-12-31,NA
NA,NA,NA,NA,NA,9634,picosecond,Unit,UCUM,Unit,S,ps,1970-01-01,2099-12-31,NA
NA,NA,NA,NA,NA,9635,roentgen,Unit,UCUM,Unit,S,R,1970-01-01,2099-12-31,NA
NA,NA,NA,NA,NA,9636,radian,Unit,UCUM,Unit,S,rad,1970-01-01,2099-12-31,NA
NA,NA,NA,NA,NA,9637,radiation absorbed dose,Unit,UCUM,Unit,S,RAD,1970-01-01,2099-12-31,NA
NA,NA,NA,NA,NA,9638,radiation equivalent man,Unit,UCUM,Unit,S,REM,1970-01-01,2099-12-31,NA
NA,NA,NA,NA,NA,9639,siemens,Unit,UCUM,Unit,S,S,1970-01-01,2099-12-31,NA
NA,NA,NA,NA,NA,9640,stilb,Unit,UCUM,Unit,S,sb,1970-01-01,2099-12-31,NA
NA,NA,NA,NA,NA,9641,sphere,Unit,UCUM,Unit,S,sph,1970-01-01,2099-12-31,NA
NA,NA,NA,NA,NA,9642,steradian,Unit,UCUM,Unit,S,sr,1970-01-01,2099-12-31,NA
NA,NA,NA,NA,NA,9643,stere,Unit,UCUM,Unit,S,st,1970-01-01,2099-12-31,NA
NA,NA,NA,NA,NA,9644,stokes,Unit,UCUM,Unit,S,St,1970-01-01,2099-12-31,NA
NA,NA,NA,NA,NA,9645,sievert,Unit,UCUM,Unit,S,Sv,1970-01-01,2099-12-31,NA
NA,NA,NA,NA,NA,9646,tesla,Unit,UCUM,Unit,S,T,1970-01-01,2099-12-31,NA
NA,NA,NA,NA,NA,9647,tonne,Unit,UCUM,Unit,S,t,1970-01-01,2099-12-31,NA
NA,NA,NA,NA,NA,9648,unified atomic mass unit,Unit,UCUM,Unit,S,u,1970-01-01,2099-12-31,NA
NA,NA,NA,NA,NA,9650,Units Per Gram Creatinine [Substance Rate Content Units],Unit,UCUM,Unit,NA,U/g{Cre},1970-01-01,2014-01-03,U
NA,NA,NA,NA,NA,9651,unit per gram of hemoglobin,Unit,UCUM,Unit,S,[U]/g{HGB},1970-01-01,2099-12-31,NA
NA,NA,NA,NA,NA,9652,micro-international unit,Unit,UCUM,Unit,S,10*-6.[iU],1970-01-01,2099-12-31,NA
NA,NA,NA,NA,NA,9653,microequivalent,Unit,UCUM,Unit,S,10*-6.eq,1970-01-01,2099-12-31,NA
NA,NA,NA,NA,NA,9654,microequivalent per milliliter,Unit,UCUM,Unit,S,10*-6.eq/mL,1970-01-01,2099-12-31,NA
NA,NA,NA,NA,NA,9655,microgram,Unit,UCUM,Unit,S,ug,1970-01-01,2099-12-31,NA
NA,NA,NA,NA,NA,9656,microgram per 100 gram,Unit,UCUM,Unit,S,ug/100.g,1970-01-01,2099-12-31,NA
NA,NA,NA,NA,NA,9657,microgram per specimen,Unit,UCUM,Unit,S,ug/{spec},1970-01-01,2099-12-31,NA
NA,NA,NA,NA,NA,9658,microgram per total volume,Unit,UCUM,Unit,S,ug/{tot'vol},1970-01-01,2099-12-31,NA
NA,NA,NA,NA,NA,9659,microgram per deciliter of red blood cells,Unit,UCUM,Unit,S,ug/dL{RBC},1970-01-01,2099-12-31,NA
NA,NA,NA,NA,NA,9660,microgram per gram dry weight,Unit,UCUM,Unit,S,ug/g{dry'wt},1970-01-01,2099-12-31,NA
NA,NA,NA,NA,NA,9661,microgram per gram of hemoglobin,Unit,UCUM,Unit,S,ug/g{HBG},1970-01-01,2099-12-31,NA
NA,NA,NA,NA,NA,9662,microgram per kilogram,Unit,UCUM,Unit,S,ug/kg,1970-01-01,2099-12-31,NA
NA,NA,NA,NA,NA,9663,microgram per square meter,Unit,UCUM,Unit,S,ug/m2,1970-01-01,2099-12-31,NA
NA,NA,NA,NA,NA,9664,microgram per nanogram,Unit,UCUM,Unit,S,ug/ng,1970-01-01,2099-12-31,NA
NA,NA,NA,NA,NA,9665,microliter,Unit,UCUM,Unit,S,uL,1970-01-01,2099-12-31,NA
NA,NA,NA,NA,NA,9666,micrometer,Unit,UCUM,Unit,S,um,1970-01-01,2099-12-31,NA
NA,NA,NA,NA,NA,9667,micromole,Unit,UCUM,Unit,S,umol,1970-01-01,2099-12-31,NA
NA,NA,NA,NA,NA,9668,micromole per gram,Unit,UCUM,Unit,S,umol/g,1970-01-01,2099-12-31,NA
NA,NA,NA,NA,NA,9669,micromole per gram of hemoglobin,Unit,UCUM,Unit,S,umol/g{HBG},1970-01-01,2099-12-31,NA
NA,NA,NA,NA,NA,9670,micromole per milligram,Unit,UCUM,Unit,S,umol/mg,1970-01-01,2099-12-31,NA
NA,NA,NA,NA,NA,9671,micromole per milligram of creatinine,Unit,UCUM,Unit,S,umol/mg{creat},1970-01-01,2099-12-31,NA
NA,NA,NA,NA,NA,9672,micromole per minute and gram,Unit,UCUM,Unit,S,umol/min/g,1970-01-01,2099-12-31,NA
NA,NA,NA,NA,NA,9673,micromole per milliliter,Unit,UCUM,Unit,S,umol/mL,1970-01-01,2099-12-31,NA
NA,NA,NA,NA,NA,9674,micromole per mole,Unit,UCUM,Unit,S,umol/mol,1970-01-01,2099-12-31,NA
NA,NA,NA,NA,NA,9675,micromole per mole of creatinine,Unit,UCUM,Unit,S,umol/mol{creat},1970-01-01,2099-12-31,NA
NA,NA,NA,NA,NA,9676,microsecond,Unit,UCUM,Unit,S,us,1970-01-01,2099-12-31,NA
NA,NA,NA,NA,NA,9677,volt,Unit,UCUM,Unit,S,V,1970-01-01,2099-12-31,NA
NA,NA,NA,NA,NA,9678,watt,Unit,UCUM,Unit,S,W,1970-01-01,2099-12-31,NA
NA,NA,NA,NA,NA,9679,Weber,Unit,UCUM,Unit,S,Wb,1970-01-01,2099-12-31,NA
NA,NA,NA,NA,NA,9681,percent normal pooled plasma,Unit,UCUM,Unit,S,%{normal'plasma},1970-01-01,2099-12-31,NA
NA,NA,NA,NA,NA,9682,bone collagen equivalent per millimole of creatinine,Unit,UCUM,Unit,S,{BColl}eq/mmol{creat},1970-01-01,2099-12-31,NA
NA,NA,NA,NA,NA,9683,bone collagen equivalent per micromole of creatinine,Unit,UCUM,Unit,S,{BColl}eq/umol{creat},1970-01-01,2099-12-31,NA
NA,NA,NA,NA,NA,9684,IgA Phospholipid Units Per MilliLiter [Arbitrary Concentration Units],Unit,UCUM,Unit,NA,{IgACardiolipin}U/mL,1970-01-01,2014-01-03,U
NA,NA,NA,NA,NA,9685,IgG Phospholipid Units Per MilliLiter [Arbitrary Concentration Units],Unit,UCUM,Unit,NA,{IgGCardiolipin}U/mL,1970-01-01,2014-01-03,U
NA,NA,NA,NA,NA,9686,IgM Phospholipid Units Per MilliLiter [Arbitrary Concentration Units],Unit,UCUM,Unit,NA,{IgMCardiolipin}U/mL,1970-01-01,2014-01-03,U
NA,NA,NA,NA,NA,9687,international unit per hour,Unit,UCUM,Unit,S,[iU]/h,1970-01-01,2099-12-31,NA
NA,NA,NA,NA,NA,9688,microgram per kilogram per minute,Unit,UCUM,Unit,S,ug/kg/min,1970-01-01,2099-12-31,NA
NA,NA,NA,NA,NA,9689,Million unit,Unit,UCUM,Unit,S,10*6.[U],1970-01-01,2099-12-31,NA
NA,NA,NA,NA,NA,9690,microgram per kilogram per hour,Unit,UCUM,Unit,S,ug/kg/h,1970-01-01,2099-12-31,NA
NA,NA,NA,NA,NA,9691,milligram per kilogram per hour,Unit,UCUM,Unit,S,mg/kg/h,1970-01-01,2099-12-31,NA
NA,NA,NA,NA,NA,9692,milligram per kilogram per minute,Unit,UCUM,Unit,S,mg/kg/min,1970-01-01,2099-12-31,NA
NA,NA,NA,NA,NA,9693,index of reactivity,Unit,UCUM,Unit,S,{ir},2014-12-01,2099-12-31,NA
NA,NA,NA,NA,NA,32018,Vector-genome,Unit,UCUM,Unit,S,{vector-genome},1970-01-01,2099-12-31,NA
NA,NA,NA,NA,NA,32407,standardized quality unit,Unit,UCUM,Unit,S,[SQU],1970-01-01,2099-12-31,NA
NA,NA,NA,NA,NA,32408,microgram per millimole,Unit,UCUM,Unit,S,ug/mmol,1970-01-01,2099-12-31,NA
NA,NA,NA,NA,NA,32608,mutations per megabase,Unit,UCUM,Unit,S,{mutations}/{megabase},1970-01-01,2099-12-31,NA
NA,NA,NA,NA,NA,32660,mitoses per 10 high power field,Unit,UCUM,Unit,S,{mitoses}/[10 HPF],1970-01-01,2099-12-31,NA
NA,NA,NA,NA,NA,32661,mitoses per 40 high power field,Unit,UCUM,Unit,S,{mitoses}/[40 HPF],1970-01-01,2099-12-31,NA
NA,NA,NA,NA,NA,32662,mitoses per 50 high power field,Unit,UCUM,Unit,S,{mitoses}/[50 HPF],1970-01-01,2099-12-31,NA
NA,NA,NA,NA,NA,32666,centigray,Unit,UCUM,Unit,S,cGy,1970-01-01,2099-12-31,NA
NA,NA,NA,NA,NA,32667,mitoses per square millimeter,Unit,UCUM,Unit,S,{mitoses}/mm2,1970-01-01,2099-12-31,NA
NA,NA,NA,NA,NA,32695,attogram per cell,Unit,UCUM,Unit,S,ag/{cell},1970-01-01,2099-12-31,NA
NA,NA,NA,NA,NA,32696,picomole per milligram,Unit,UCUM,Unit,S,pmol/mg,1970-01-01,2099-12-31,NA
NA,NA,NA,NA,NA,32697,dalton,Unit,UCUM,Unit,S,Da,1970-01-01,2099-12-31,NA
NA,NA,NA,NA,NA,32698,kilodalton,Unit,UCUM,Unit,S,kDa,1970-01-01,2099-12-31,NA
NA,NA,NA,NA,NA,32699,milliliter per minute per millimeter mercury column,Unit,UCUM,Unit,S,mL/min/mm[Hg],1970-01-01,2099-12-31,NA
NA,NA,NA,NA,NA,32700,liter per second,Unit,UCUM,Unit,S,L/s,1970-01-01,2099-12-31,NA
NA,NA,NA,NA,NA,32701,gram per square centimeter,Unit,UCUM,Unit,S,g/cm2,1970-01-01,2099-12-31,NA
NA,NA,NA,NA,NA,32702,gram per millimole,Unit,UCUM,Unit,S,g/mmol,1970-01-01,2099-12-31,NA
NA,NA,NA,NA,NA,32703,dyne-second per centimeter to the fifth power,Unit,UCUM,Unit,S,dyn.sec/cm5,1970-01-01,2099-12-31,NA
NA,NA,NA,NA,NA,32704,millimeter mercury column-minute per liter,Unit,UCUM,Unit,S,mm[Hg].min/L,1970-01-01,2099-12-31,NA
NA,NA,NA,NA,NA,32705,wood unit,Unit,UCUM,Unit,S,[wood'U],1970-01-01,2099-12-31,NA
NA,NA,NA,NA,NA,32706,ten thousand per microliter,Unit,UCUM,Unit,S,10*4/uL,1970-01-01,2099-12-31,NA
NA,NA,NA,NA,NA,32707,nanogram of fibrinogen equivalent unit per milliliter,Unit,UCUM,Unit,S,ng{FEU}/mL,1970-01-01,2099-12-31,NA
NA,NA,NA,NA,NA,32708,trillion copies per milliliter,Unit,UCUM,Unit,S,10*12.{copies}/mL,1970-01-01,2099-12-31,NA
NA,NA,NA,NA,NA,32709,million copies per milliliter,Unit,UCUM,Unit,S,10*6.{copies}/mL,1970-01-01,2099-12-31,NA
NA,NA,NA,NA,NA,32710,liter per minute per square meter,Unit,UCUM,Unit,S,L/min/m2,1970-01-01,2099-12-31,NA
NA,NA,NA,NA,NA,32738,centimeter per second,Unit,UCUM,Unit,S,cm/s,1970-01-01,2099-12-31,NA
NA,NA,NA,NA,NA,32739,milliliter per square meter,Unit,UCUM,Unit,S,ml/m2,1970-01-01,2099-12-31,NA
NA,NA,NA,NA,NA,32912,Generic unit for indivisible thing,Unit,UCUM,Unit,S,1,1970-01-01,2099-12-31,NA
NA,NA,NA,NA,NA,32959,per meter,Unit,UCUM,Unit,S,/m,1970-01-01,2099-12-31,NA
NA,NA,NA,NA,NA,32960,Decibel per megahertz,Unit,UCUM,Unit,S,dB/MHz,1970-01-01,2099-12-31,NA
NA,NA,NA,NA,NA,32961,decisecond,Unit,UCUM,Unit,S,ds,1970-01-01,2099-12-31,NA
NA,NA,NA,NA,NA,32962,kilojoule,Unit,UCUM,Unit,S,kJ,1970-01-01,2099-12-31,NA
NA,NA,NA,NA,NA,32963,liter per square meter,Unit,UCUM,Unit,S,L/m2,1970-01-01,2099-12-31,NA
NA,NA,NA,NA,NA,32964,microgram per cubic meter,Unit,UCUM,Unit,S,ug/m3,1970-01-01,2099-12-31,NA
NA,NA,NA,NA,NA,32965,nanogram per microliter,Unit,UCUM,Unit,S,ng/uL,1970-01-01,2099-12-31,NA
NA,NA,NA,NA,NA,586323,degree Celsius,Unit,UCUM,Unit,S,Cel,1970-01-01,2099-12-31,NA
NA,NA,NA,NA,NA,44777519,per gram (10*3 per kilogram),Unit,UCUM,Canonical Unit,S,g-1,1970-01-01,2099-12-31,NA
NA,NA,NA,NA,NA,44777520,per cubical meter,Unit,UCUM,Canonical Unit,S,m-3,1970-01-01,2099-12-31,NA
NA,NA,NA,NA,NA,44777521,per second,Unit,UCUM,Canonical Unit,S,s-1,1970-01-01,2099-12-31,NA
NA,NA,NA,NA,NA,44777522,meter per second,Unit,UCUM,Canonical Unit,S,m.s-1,1970-01-01,2099-12-31,NA
NA,NA,NA,NA,NA,44777523,cubical meter per second,Unit,UCUM,Canonical Unit,S,m3.s-1,1970-01-01,2099-12-31,NA
NA,NA,NA,NA,NA,44777524,gram per cubical meter and cubical meter and second (10*-3 newton second per meter and square meter),Unit,UCUM,Canonical Unit,S,m-6.g.s-1,1970-01-01,2099-12-31,NA
NA,NA,NA,NA,NA,44777525,gram per meter and cubical meter and second (10*-3 newton second per meter),Unit,UCUM,Canonical Unit,S,m-4.g.s-1,1970-01-01,2099-12-31,NA
NA,NA,NA,NA,NA,44777526,coulomb per meter and second (ampere per meter),Unit,UCUM,Canonical Unit,S,m-1.s-1.C,1970-01-01,2099-12-31,NA
NA,NA,NA,NA,NA,44777527,gram per meter and square second (10*-3 pascal),Unit,UCUM,Canonical Unit,S,m-1.g.s-2,1970-01-01,2099-12-31,NA
NA,NA,NA,NA,NA,44777528,gram per square meter and cubical second (10*-3 pascal per second and meter),Unit,UCUM,Canonical Unit,S,m-2.g.s-3,1970-01-01,2099-12-31,NA
NA,NA,NA,NA,NA,44777529,scquare meter per second,Unit,UCUM,Canonical Unit,S,m2.s-1,1970-01-01,2099-12-31,NA
NA,NA,NA,NA,NA,44777530,square meter pre square second,Unit,UCUM,Canonical Unit,S,m2.s-2,1970-01-01,2099-12-31,NA
NA,NA,NA,NA,NA,44777531,cubical meter,Unit,UCUM,Canonical Unit,S,m3,1970-01-01,2099-12-31,NA
NA,NA,NA,NA,NA,44777532,gram meter (10*-3 kilogram meter),Unit,UCUM,Canonical Unit,S,m.g,1970-01-01,2099-12-31,NA
NA,NA,NA,NA,NA,44777533,gram per square second (10*-3 kilogram per square second),Unit,UCUM,Canonical Unit,S,s-2.g,1970-01-01,2099-12-31,NA
NA,NA,NA,NA,NA,44777534,gram per second (10*-3 kilogram per second),Unit,UCUM,Canonical Unit,S,g.s-1,1970-01-01,2099-12-31,NA
NA,NA,NA,NA,NA,44777535,gram per cubical meter (10*-3 kilogram per cubical meter),Unit,UCUM,Canonical Unit,S,m-3.g,1970-01-01,2099-12-31,NA
NA,NA,NA,NA,NA,44777536,gram per square meter (10*-3 kilogram per square meter),Unit,UCUM,Canonical Unit,S,m-2.g,1970-01-01,2099-12-31,NA
NA,NA,NA,NA,NA,44777537,cubical second and kelvin per square meter and gram (10*3 kelvin per watt),Unit,UCUM,Canonical Unit,S,m-2.g-1.s3.K,1970-01-01,2099-12-31,NA
NA,NA,NA,NA,NA,44777538,per gram and second,Unit,UCUM,Canonical Unit,S,g-1.s-1,1970-01-01,2099-12-31,NA
NA,NA,NA,NA,NA,44777539,per cubical meter and second,Unit,UCUM,Canonical Unit,S,m-3.s-1,1970-01-01,2099-12-31,NA
NA,NA,NA,NA,NA,44777540,square meter gram per square second (10*-3 joule),Unit,UCUM,Canonical Unit,S,m2.g.s-2,1970-01-01,2099-12-31,NA
NA,NA,NA,NA,NA,44777541,square meter gram per cubical second (10*-3 watt),Unit,UCUM,Canonical Unit,S,m2.g.s-3,1970-01-01,2099-12-31,NA
NA,NA,NA,NA,NA,44777542,gram meter per second (10*-3 kilogram meter per second),Unit,UCUM,Canonical Unit,S,m.g.s-1,1970-01-01,2099-12-31,NA
NA,NA,NA,NA,NA,44777543,gram per square meter and second (10*-3 kilogram per square meter and second),Unit,UCUM,Canonical Unit,S,m-2.g.s-1,1970-01-01,2099-12-31,NA
NA,NA,NA,NA,NA,44777544,cubical meter second,Unit,UCUM,Canonical Unit,S,m3.s,1970-01-01,2099-12-31,NA
NA,NA,NA,NA,NA,44777545,cubical meter per gram (10*3 cubical meter per kilogram),Unit,UCUM,Canonical Unit,S,m3.g-1,1970-01-01,2099-12-31,NA
NA,NA,NA,NA,NA,44777546,candela radiant per square meter (lux),Unit,UCUM,Canonical Unit,S,m-2.rad2.cd,1970-01-01,2099-12-31,NA
NA,NA,NA,NA,NA,44777547,meter per square second,Unit,UCUM,Canonical Unit,S,m.s-2,1970-01-01,2099-12-31,NA
NA,NA,NA,NA,NA,44777549,per square meter,Unit,UCUM,Canonical Unit,S,m-2,1970-01-01,2099-12-31,NA
NA,NA,NA,NA,NA,44777550,cubical meter per gram and second (10*3 cubical meter per kg and second),Unit,UCUM,Canonical Unit,S,m3.g-1.s-1,1970-01-01,2099-12-31,NA
NA,NA,NA,NA,NA,44777551,meter cubical meter square second per gram (10*3 cubical meter per pascal),Unit,UCUM,Canonical Unit,S,m4.g-1.s2,1970-01-01,2099-12-31,NA
NA,NA,NA,NA,NA,44777552,square meter gram per square second and coulomb (10*-3 volt),Unit,UCUM,Canonical Unit,S,m2.g.s-2.C-1,1970-01-01,2099-12-31,NA
NA,NA,NA,NA,NA,44777553,cubical meter gram per second and square coulomb (10*-3 ohm meter),Unit,UCUM,Canonical Unit,S,m3.g.s-1.C-2,1970-01-01,2099-12-31,NA
NA,NA,NA,NA,NA,44777554,coulomb per second (ampere),Unit,UCUM,Canonical Unit,S,s-1.C,1970-01-01,2099-12-31,NA
NA,NA,NA,NA,NA,44777555,percent calculated,Unit,UCUM,Unit,S,%{calc},1970-01-01,2099-12-31,NA
NA,NA,NA,NA,NA,44777556,per 24 hours,Unit,UCUM,Unit,S,/(24.h),1970-01-01,2099-12-31,NA
NA,NA,NA,NA,NA,44777557,per hour,Unit,UCUM,Unit,S,/h,1970-01-01,2099-12-31,NA
NA,NA,NA,NA,NA,44777558,per cubic meter,Unit,UCUM,Unit,S,/m3,1970-01-01,2099-12-31,NA
NA,NA,NA,NA,NA,44777559,per week,Unit,UCUM,Unit,S,/w,1970-01-01,2099-12-31,NA
NA,NA,NA,NA,NA,44777560,per year,Unit,UCUM,Unit,S,/y,1970-01-01,2099-12-31,NA
NA,NA,NA,NA,NA,44777561,arbitrary unit per liter,Unit,UCUM,Unit,S,[arb'U]/L,1970-01-01,2099-12-31,NA
NA,NA,NA,NA,NA,44777562,Bethesda unit per milliliter,Unit,UCUM,Unit,S,[beth'U]/mL,1970-01-01,2099-12-31,NA
NA,NA,NA,NA,NA,44777563,fluorescence intensity unit,Unit,UCUM,Unit,S,[FiU],1970-01-01,2099-12-31,NA
NA,NA,NA,NA,NA,44777564,international unit per 24 hours,Unit,UCUM,Unit,S,[iU]/(24.h),1970-01-01,2099-12-31,NA
NA,NA,NA,NA,NA,44777565,lyme index value,Unit,UCUM,Unit,S,[LIV],1970-01-01,2099-12-31,NA
NA,NA,NA,NA,NA,44777566,score,Unit,UCUM,Unit,S,[score],1970-01-01,2099-12-31,NA
NA,NA,NA,NA,NA,44777567,unit per 24 hours,Unit,UCUM,Unit,S,[U]/(24.h),1970-01-01,2099-12-31,NA
NA,NA,NA,NA,NA,44777568,unit per deciliter,Unit,UCUM,Unit,S,[U]/dL,1970-01-01,2099-12-31,NA
NA,NA,NA,NA,NA,44777569,cells per liter,Unit,UCUM,Unit,S,{cells}/L,1970-01-01,2099-12-31,NA
NA,NA,NA,NA,NA,44777570,copies per liter,Unit,UCUM,Unit,S,{copies}/L,1970-01-01,2099-12-31,NA
NA,NA,NA,NA,NA,44777571,red blood cells per high power field,Unit,UCUM,Unit,S,{RBC}/[HPF],1970-01-01,2099-12-31,NA
NA,NA,NA,NA,NA,44777572,relative to H2O,Unit,UCUM,Unit,S,{relative'to'H2O},1970-01-01,2099-12-31,NA
NA,NA,NA,NA,NA,44777573,relative to saline,Unit,UCUM,Unit,S,{relative'to'saline},1970-01-01,2099-12-31,NA
NA,NA,NA,NA,NA,44777574,white blood cells per high power field,Unit,UCUM,Unit,S,{WBC}/[HPF],1970-01-01,2099-12-31,NA
NA,NA,NA,NA,NA,44777575,trillion cells per liter,Unit,UCUM,Unit,S,10*12.{cells}/L,1970-01-01,2099-12-31,NA
NA,NA,NA,NA,NA,44777576,thousand red blood cells,Unit,UCUM,Unit,S,10*3(rbc),1970-01-01,2099-12-31,NA
NA,NA,NA,NA,NA,44777577,milli-international unit,Unit,UCUM,Unit,S,10*-3.[iU],1970-01-01,2099-12-31,NA
NA,NA,NA,NA,NA,44777578,milliunit per liter,Unit,UCUM,Unit,S,10*-3.[U]/L,1970-01-01,2099-12-31,NA
NA,NA,NA,NA,NA,44777579,thousand allergen-specific IgE antibody units per liter,Unit,UCUM,Unit,S,10*3.[UA]/L,1970-01-01,2099-12-31,NA
NA,NA,NA,NA,NA,44777580,thousand cells per liter,Unit,UCUM,Unit,S,10*3.{cells}/L,1970-01-01,2099-12-31,NA
NA,NA,NA,NA,NA,44777581,thousand copies per liter,Unit,UCUM,Unit,S,10*3.{copies}/L,1970-01-01,2099-12-31,NA
NA,NA,NA,NA,NA,44777582,milliequivalent per 24 hours,Unit,UCUM,Unit,S,10*-3.eq/(24.h),1970-01-01,2099-12-31,NA
NA,NA,NA,NA,NA,44777583,micro-international unit per liter,Unit,UCUM,Unit,S,10*-6.[iU]/L,1970-01-01,2099-12-31,NA
NA,NA,NA,NA,NA,44777584,microunit per specimen,Unit,UCUM,Unit,S,10*-6.[U]/{spec},1970-01-01,2099-12-31,NA
NA,NA,NA,NA,NA,44777585,million allergen-specific IgE antibody units per liter,Unit,UCUM,Unit,S,10*6.[UA]/L,1970-01-01,2099-12-31,NA
NA,NA,NA,NA,NA,44777586,million cells per liter,Unit,UCUM,Unit,S,10*6.{cells}/L,1970-01-01,2099-12-31,NA
NA,NA,NA,NA,NA,44777587,million copies per liter,Unit,UCUM,Unit,S,10*6.{copies}/L,1970-01-01,2099-12-31,NA
NA,NA,NA,NA,NA,44777588,billion cells per liter,Unit,UCUM,Unit,S,10*9.{cellls}/L,1970-01-01,2099-12-31,NA
NA,NA,NA,NA,NA,44777589,billion copies per liter,Unit,UCUM,Unit,S,10*9.{copies}/L,1970-01-01,2099-12-31,NA
NA,NA,NA,NA,NA,44777590,centimeter watercolumn,Unit,UCUM,Unit,S,cm[H2O],1970-01-01,2099-12-31,NA
NA,NA,NA,NA,NA,44777591,Decibel,Unit,UCUM,Unit,S,dB,1970-01-01,2099-12-31,NA
NA,NA,NA,NA,NA,44777592,femtogram per liter,Unit,UCUM,Unit,S,fg/L,1970-01-01,2099-12-31,NA
NA,NA,NA,NA,NA,44777593,gram per 12 hours,Unit,UCUM,Unit,S,g/(12.h),1970-01-01,2099-12-31,NA
NA,NA,NA,NA,NA,44777594,gram per hour,Unit,UCUM,Unit,S,g/h,1970-01-01,2099-12-31,NA
NA,NA,NA,NA,NA,44777595,gram per mole,Unit,UCUM,Unit,S,g/mol,1970-01-01,2099-12-31,NA
NA,NA,NA,NA,NA,44777596,gram of creatinine,Unit,UCUM,Unit,S,g{creat},1970-01-01,2099-12-31,NA
NA,NA,NA,NA,NA,44777597,gram of hemoglobin,Unit,UCUM,Unit,S,g{HGB},1970-01-01,2099-12-31,NA
NA,NA,NA,NA,NA,44777598,gram of total nitrate,Unit,UCUM,Unit,S,g{tot'nit},1970-01-01,2099-12-31,NA
NA,NA,NA,NA,NA,44777599,gram of total protein,Unit,UCUM,Unit,S,g{tot'prot},1970-01-01,2099-12-31,NA
NA,NA,NA,NA,NA,44777600,gram or wet tissue,Unit,UCUM,Unit,S,g{wet'tis},1970-01-01,2099-12-31,NA
NA,NA,NA,NA,NA,44777601,katal per liter,Unit,UCUM,Unit,S,kat/L,1970-01-01,2099-12-31,NA
NA,NA,NA,NA,NA,44777602,kilopascal,Unit,UCUM,Unit,S,kPa,1970-01-01,2099-12-31,NA
NA,NA,NA,NA,NA,44777603,liter per hour,Unit,UCUM,Unit,S,L/h,1970-01-01,2099-12-31,NA
NA,NA,NA,NA,NA,44777604,liter per liter,Unit,UCUM,Unit,S,L/L,1970-01-01,2099-12-31,NA
NA,NA,NA,NA,NA,44777605,log cells per milliliter,Unit,UCUM,Unit,S,lg({cells})/mL,1970-01-01,2099-12-31,NA
NA,NA,NA,NA,NA,44777606,meter per second,Unit,UCUM,Unit,S,m/s,1970-01-01,2099-12-31,NA
NA,NA,NA,NA,NA,44777607,meter per square second,Unit,UCUM,Unit,S,m/s2,1970-01-01,2099-12-31,NA
NA,NA,NA,NA,NA,44777608,milligram per gram dry weight,Unit,UCUM,Unit,S,mg/g{dry'wt},1970-01-01,2099-12-31,NA
NA,NA,NA,NA,NA,44777609,milligram per gram wet weight,Unit,UCUM,Unit,S,mg/g{wet'wt},1970-01-01,2099-12-31,NA
NA,NA,NA,NA,NA,44777610,milligram per hour,Unit,UCUM,Unit,S,mg/h,1970-01-01,2099-12-31,NA
NA,NA,NA,NA,NA,44777611,milligram per minute,Unit,UCUM,Unit,S,mg/min,1970-01-01,2099-12-31,NA
NA,NA,NA,NA,NA,44777612,milligram per millimole,Unit,UCUM,Unit,S,mg/mmol,1970-01-01,2099-12-31,NA
NA,NA,NA,NA,NA,44777613,milliliter per hour,Unit,UCUM,Unit,S,mL/h,1970-01-01,2099-12-31,NA
NA,NA,NA,NA,NA,44777614,milliliter per second,Unit,UCUM,Unit,S,mL/s,1970-01-01,2099-12-31,NA
NA,NA,NA,NA,NA,44777615,millimole per specimen,Unit,UCUM,Unit,S,mmol/{spec},1970-01-01,2099-12-31,NA
NA,NA,NA,NA,NA,44777616,millimole per gram of wet weight,Unit,UCUM,Unit,S,mmol/g{dry'wt},1970-01-01,2099-12-31,NA
NA,NA,NA,NA,NA,44777617,millimole per gram of dry weight,Unit,UCUM,Unit,S,mmol/g{wet'wt},1970-01-01,2099-12-31,NA
NA,NA,NA,NA,NA,44777618,millimole per millimole,Unit,UCUM,Unit,S,mmol/mmol,1970-01-01,2099-12-31,NA
NA,NA,NA,NA,NA,44777619,millimole per millimole of creatinine,Unit,UCUM,Unit,S,mmol/mmol{creat},1970-01-01,2099-12-31,NA
NA,NA,NA,NA,NA,44777620,millimole per mole of hemoglobin,Unit,UCUM,Unit,S,mmol/mol{HGB},1970-01-01,2099-12-31,NA
NA,NA,NA,NA,NA,44777621,mole per second,Unit,UCUM,Unit,S,mol/s,1970-01-01,2099-12-31,NA
NA,NA,NA,NA,NA,44777622,millipascal second,Unit,UCUM,Unit,S,mPa.s,1970-01-01,2099-12-31,NA
NA,NA,NA,NA,NA,44777623,millipascal,Unit,UCUM,Unit,S,mPas,1970-01-01,2099-12-31,NA
NA,NA,NA,NA,NA,44777624,nanogram per 24 hours,Unit,UCUM,Unit,S,ng/(24.h),1970-01-01,2099-12-31,NA
NA,NA,NA,NA,NA,44777625,nanogram per milligram of creatinine,Unit,UCUM,Unit,S,ng/mg{creat},1970-01-01,2099-12-31,NA
NA,NA,NA,NA,NA,44777626,nanokatal,Unit,UCUM,Unit,S,nkat,1970-01-01,2099-12-31,NA
NA,NA,NA,NA,NA,44777627,nanomole per 24 hours,Unit,UCUM,Unit,S,nmol/(24.h),1970-01-01,2099-12-31,NA
NA,NA,NA,NA,NA,44777628,nanomole per billion platelets,Unit,UCUM,Unit,S,nmol/10*9.{platelets},1970-01-01,2099-12-31,NA
NA,NA,NA,NA,NA,44777629,nanomole per hour and gram,Unit,UCUM,Unit,S,nmol/h/g,1970-01-01,2099-12-31,NA
NA,NA,NA,NA,NA,44777630,nanomole per hour and liter,Unit,UCUM,Unit,S,nmol/h/L,1970-01-01,2099-12-31,NA
NA,NA,NA,NA,NA,44777631,nanomole per hour and milliliter,Unit,UCUM,Unit,S,nmol/h/mL,1970-01-01,2099-12-31,NA
NA,NA,NA,NA,NA,44777632,nanomole per hour and milliliter red blood cells,Unit,UCUM,Unit,S,nmol/h/mL{RBC},1970-01-01,2099-12-31,NA
NA,NA,NA,NA,NA,44777633,nanomole per kilogram,Unit,UCUM,Unit,S,nmol/kg,1970-01-01,2099-12-31,NA
NA,NA,NA,NA,NA,44777634,nanomole per milligram of creatinine,Unit,UCUM,Unit,S,nmol/mg{creat},1970-01-01,2099-12-31,NA
NA,NA,NA,NA,NA,44777635,nanomole per minute and milliliter,Unit,UCUM,Unit,S,nmol/min/mL,1970-01-01,2099-12-31,NA
NA,NA,NA,NA,NA,44777636,nanomole per mole of creatinine,Unit,UCUM,Unit,S,nmol/mol{creat},1970-01-01,2099-12-31,NA
NA,NA,NA,NA,NA,44777637,nanomole per second,Unit,UCUM,Unit,S,nmol/s,1970-01-01,2099-12-31,NA
NA,NA,NA,NA,NA,44777638,picogram per microliter,Unit,UCUM,Unit,S,pg/uL,1970-01-01,2099-12-31,NA
NA,NA,NA,NA,NA,44777639,picokatal,Unit,UCUM,Unit,S,pkat,1970-01-01,2099-12-31,NA
NA,NA,NA,NA,NA,44777640,picomole per 24 hours,Unit,UCUM,Unit,S,pmol/(24.h),1970-01-01,2099-12-31,NA
NA,NA,NA,NA,NA,44777641,picomole per gram hemoglobin,Unit,UCUM,Unit,S,pmol/g{HGB},1970-01-01,2099-12-31,NA
NA,NA,NA,NA,NA,44777642,picomole per hour and milligram of hemoglobin,Unit,UCUM,Unit,S,pmol/h/mg{HGB},1970-01-01,2099-12-31,NA
NA,NA,NA,NA,NA,44777643,picomole per kilogram,Unit,UCUM,Unit,S,pmol/kg,1970-01-01,2099-12-31,NA
NA,NA,NA,NA,NA,44777644,microgram per gram wet weight,Unit,UCUM,Unit,S,ug/g{wet'wt},1970-01-01,2099-12-31,NA
NA,NA,NA,NA,NA,44777645,microgram per hour,Unit,UCUM,Unit,S,ug/h,1970-01-01,2099-12-31,NA
NA,NA,NA,NA,NA,44777646,microgram per millimole of creatinine,Unit,UCUM,Unit,S,ug/mmol{creat},1970-01-01,2099-12-31,NA
NA,NA,NA,NA,NA,44777647,microkatal,Unit,UCUM,Unit,S,ukat,1970-01-01,2099-12-31,NA
NA,NA,NA,NA,NA,44777648,micromole per gram of dry weight,Unit,UCUM,Unit,S,umol/g{dry'wt},1970-01-01,2099-12-31,NA
NA,NA,NA,NA,NA,44777649,micromole per gram of wet weight,Unit,UCUM,Unit,S,umol/g{wet'wt},1970-01-01,2099-12-31,NA
NA,NA,NA,NA,NA,44777650,micromole per hour and gram of hemoglobin,Unit,UCUM,Unit,S,umol/h/g{HGB},1970-01-01,2099-12-31,NA
NA,NA,NA,NA,NA,44777651,micromole per hour and gram of protein,Unit,UCUM,Unit,S,umol/h/g{prot},1970-01-01,2099-12-31,NA
NA,NA,NA,NA,NA,44777652,micromole per hour and liter,Unit,UCUM,Unit,S,umol/h/L,1970-01-01,2099-12-31,NA
NA,NA,NA,NA,NA,44777653,micromole per hour and milliliter,Unit,UCUM,Unit,S,umol/h/mL,1970-01-01,2099-12-31,NA
NA,NA,NA,NA,NA,44777654,micromole per kilogram,Unit,UCUM,Unit,S,umol/kg,1970-01-01,2099-12-31,NA
NA,NA,NA,NA,NA,44777655,micromole per minute,Unit,UCUM,Unit,S,umol/min,1970-01-01,2099-12-31,NA
NA,NA,NA,NA,NA,44777656,micromole per millimole,Unit,UCUM,Unit,S,umol/mmol,1970-01-01,2099-12-31,NA
NA,NA,NA,NA,NA,44777657,micromole per mole of hemoglobin,Unit,UCUM,Unit,S,umol/mol{HGB},1970-01-01,2099-12-31,NA
NA,NA,NA,NA,NA,44777658,per month,Unit,UCUM,Unit,S,/mo,1970-01-01,2099-12-31,NA
NA,NA,NA,NA,NA,44777659,per second,Unit,UCUM,Unit,S,/s,1970-01-01,2099-12-31,NA
NA,NA,NA,NA,NA,44777660,billion,Unit,UCUM,Unit,S,10*9,1970-01-01,2099-12-31,NA
NA,NA,NA,NA,NA,44777661,trimester,Unit,UCUM,Unit,S,3.mo,1970-01-01,2099-12-31,NA
NA,NA,NA,NA,NA,44777662,cubic centimeter,Unit,UCUM,Unit,S,cm3,1970-01-01,2099-12-31,NA
NA,NA,NA,NA,NA,44777663,milligram of fibrinogen equivalent unit per liter,Unit,UCUM,Unit,S,mg{FEU}/L,1970-01-01,2099-12-31,NA
NA,NA,NA,NA,NA,44777664,milliliter per 12 hours,Unit,UCUM,Unit,S,mL/(12.h),1970-01-01,2099-12-31,NA
NA,NA,NA,NA,NA,44819154,millicurie,Unit,UCUM,Unit,S,mCi,1970-01-01,2099-12-31,NA
NA,NA,NA,NA,NA,45744809,Actuation,Unit,UCUM,Unit,S,{actuat},1970-01-01,2099-12-31,NA
NA,NA,NA,NA,NA,45744810,bioequivalent allergenic unit,Unit,UCUM,Unit,S,{BAU},1970-01-01,2099-12-31,NA
NA,NA,NA,NA,NA,45744811,allergenic unit,Unit,UCUM,Unit,S,{AU},1970-01-01,2099-12-31,NA
NA,NA,NA,NA,NA,45744812,cells,Unit,UCUM,Unit,S,{cells},1970-01-01,2099-12-31,NA
NA,NA,NA,NA,NA,45744813,clinical unit,Unit,UCUM,Unit,S,{CU},1970-01-01,2099-12-31,NA
NA,NA,NA,NA,NA,45744814,limit of flocculation unit,Unit,UCUM,Unit,S,{LFU},1970-01-01,2099-12-31,NA
NA,NA,NA,NA,NA,45744815,bacteria,Unit,UCUM,Unit,S,{bacteria},1970-01-01,2099-12-31,NA
NA,NA,NA,NA,NA,45744816,protein nitrogen unit,Unit,UCUM,Unit,S,{PNU},1970-01-01,2099-12-31,NA
NA,NA,NA,NA,NA,45890995,Million unit per milliliter,Unit,UCUM,Unit,S,10*6.[U]/mL,1970-01-01,2099-12-31,NA
NA,NA,NA,NA,NA,45890996,gram per dose,Unit,UCUM,Unit,S,g/[dose],1970-01-01,2099-12-31,NA
NA,NA,NA,NA,NA,45890997,milligram per dose,Unit,UCUM,Unit,S,mg/[dose],1970-01-01,2099-12-31,NA
NA,NA,NA,NA,NA,45890998,microgram per dose,Unit,UCUM,Unit,S,ug/[dose],1970-01-01,2099-12-31,NA
NA,NA,NA,NA,NA,45890999,unit per dose,Unit,UCUM,Unit,S,[U]/[dose],1970-01-01,2099-12-31,NA
NA,NA,NA,NA,NA,45891000,application,Unit,UCUM,Unit,S,[App],1970-01-01,2099-12-31,NA
NA,NA,NA,NA,NA,45891001,gram per application,Unit,UCUM,Unit,S,g/[App],1970-01-01,2099-12-31,NA
NA,NA,NA,NA,NA,45891002,milligram per application,Unit,UCUM,Unit,S,mg/[App],1970-01-01,2099-12-31,NA
NA,NA,NA,NA,NA,45891003,tuberculin unit per milliliter,Unit,UCUM,Unit,S,[tb'U]/mL,1970-01-01,2099-12-31,NA
NA,NA,NA,NA,NA,45891004,month supply,Unit,UCUM,Unit,S,mo{supply},1970-01-01,2099-12-31,NA
NA,NA,NA,NA,NA,45891005,week supply,Unit,UCUM,Unit,S,wk{supply},1970-01-01,2099-12-31,NA
NA,NA,NA,NA,NA,45891006,unit per drop,Unit,UCUM,Unit,S,[U]/[drop],1970-01-01,2099-12-31,NA
NA,NA,NA,NA,NA,45891007,Megabecquerel,Unit,UCUM,Unit,S,MBq,1970-01-01,2099-12-31,NA
NA,NA,NA,NA,NA,45891008,kilobecquerel,Unit,UCUM,Unit,S,kBq,1970-01-01,2099-12-31,NA
NA,NA,NA,NA,NA,45891009,weight percent volume,Unit,UCUM,Unit,S,{wt}%{vol},1970-01-01,2099-12-31,NA
NA,NA,NA,NA,NA,45891010,volume percent volume,Unit,UCUM,Unit,S,{vol}%{vol},1970-01-01,2099-12-31,NA
NA,NA,NA,NA,NA,45891011,weight percent weight,Unit,UCUM,Unit,S,{wt}%{wt},1970-01-01,2099-12-31,NA
NA,NA,NA,NA,NA,45891012,volume percent weight,Unit,UCUM,Unit,S,{vol}%{wt},1970-01-01,2099-12-31,NA
NA,NA,NA,NA,NA,45891013,milliliter per liter,Unit,UCUM,Unit,S,mL/L,1970-01-01,2099-12-31,NA
NA,NA,NA,NA,NA,45891014,millimole per milliliter,Unit,UCUM,Unit,S,mmol/mL,1970-01-01,2099-12-31,NA
NA,NA,NA,NA,NA,45891015,microgram per actuation,Unit,UCUM,Unit,S,ug/{actuat},1970-01-01,2099-12-31,NA
NA,NA,NA,NA,NA,45891016,milligram per actuation,Unit,UCUM,Unit,S,mg/{actuat},1970-01-01,2099-12-31,NA
NA,NA,NA,NA,NA,45891017,unit per actuation,Unit,UCUM,Unit,S,[U]/{actuat},1970-01-01,2099-12-31,NA
NA,NA,NA,NA,NA,45891018,gram per actuation,Unit,UCUM,Unit,S,g/{actuat},1970-01-01,2099-12-31,NA
NA,NA,NA,NA,NA,45891019,international unit per milligram,Unit,UCUM,Unit,S,[iU]/mg,1970-01-01,2099-12-31,NA
NA,NA,NA,NA,NA,45891021,milligram per 16 hours,Unit,UCUM,Unit,S,mg/(16.h),1970-01-01,2099-12-31,NA
NA,NA,NA,NA,NA,45891022,milligram per 72 hours,Unit,UCUM,Unit,S,mg/(72.h),1970-01-01,2099-12-31,NA
NA,NA,NA,NA,NA,45891023,microgram per 72 hours,Unit,UCUM,Unit,S,ug/(72.h),1970-01-01,2099-12-31,NA
NA,NA,NA,NA,NA,45891024,Kallikrein inactivator unit,Unit,UCUM,Unit,S,{KIU},1970-01-01,2099-12-31,NA
NA,NA,NA,NA,NA,45891025,nanoliter per milliliter,Unit,UCUM,Unit,S,nL/mL,1970-01-01,2099-12-31,NA
NA,NA,NA,NA,NA,45891026,Kallikrein inactivator unit per milliliter,Unit,UCUM,Unit,S,[KIU]/mL,1970-01-01,2099-12-31,NA
NA,NA,NA,NA,NA,45891027,microgram per square centimeter,Unit,UCUM,Unit,S,ug/cm2,1970-01-01,2099-12-31,NA
NA,NA,NA,NA,NA,45891028,Gigabecquerel per milliliter,Unit,UCUM,Unit,S,GBq/mL,1970-01-01,2099-12-31,NA
NA,NA,NA,NA,NA,45891029,microliter per milliliter,Unit,UCUM,Unit,S,uL/mL,1970-01-01,2099-12-31,NA
NA,NA,NA,NA,NA,45891030,unit per milligram,Unit,UCUM,Unit,S,[U]/mg,1970-01-01,2099-12-31,NA
NA,NA,NA,NA,NA,45891031,Gigabecquerel,Unit,UCUM,Unit,S,GBq,1970-01-01,2099-12-31,NA
NA,NA,NA,NA,NA,45891032,Megabecquerel per milliliter,Unit,UCUM,Unit,S,MBq/mL,1970-01-01,2099-12-31,NA
NA,NA,NA,NA,NA,45891033,milliliter per milliliter,Unit,UCUM,Unit,S,mL/mL,1970-01-01,2099-12-31,NA
NA,NA,NA,NA,NA,45891034,unit per square centimeter,Unit,UCUM,Unit,S,[U]/cm2,1970-01-01,2099-12-31,NA
NA,NA,NA,NA,NA,45891035,milliliter per gram,Unit,UCUM,Unit,S,mL/g,1970-01-01,2099-12-31,NA
NA,NA,NA,NA,NA,45891036,milligram per square centimeter,Unit,UCUM,Unit,S,mg/cm2,1970-01-01,2099-12-31,NA
NA,NA,NA,NA,NA,45891037,microliter per gram,Unit,UCUM,Unit,S,uL/g,1970-01-01,2099-12-31,NA
NA,NA,NA,NA,NA,45891038,kilobecquerel per milliliter,Unit,UCUM,Unit,S,kBq/mL,1970-01-01,2099-12-31,NA
NA,NA,NA,NA,NA,45956701,gram per cubical centimeter,Unit,UCUM,Unit,S,g/cm3,1970-01-01,2099-12-31,NA
